Brand,Kategori,Link,Punya Sample,Special Live Price,Berlaku Hingga,Status Kadaluarsa,SKU Baru
2R & Memey Cosmetic,Beauty & Health,https://s.shopee.co.id/8pkVjhYDjd,Ya,Ya,,,Tidak
Abbott,Mom & Baby,https://s.shopee.co.id/AAGFbeOsgm,Ya,Ya,,,Tidak
Acome,Tech,https://s.shopee.co.id/4AyAPCFN8o,Ya,Ya,,,Tidak
Advance,Tech,https://s.shopee.co.id/3qLw09HXEK,Ya,Ya,,,Tidak
Aeris,Beauty & Health,https://shope.ee/5fhHfCEzLx,Ya,Ya,,,Tidak
Aitu,Tech,https://s.shopee.co.id/9paWTwxese,Ya,Ya,,,Tidak
All Perfect,Beauty & Health,https://s.shopee.co.id/9AI81fTBLx,Ya,Ya,,,Tidak
Alunicorn,Fashion,https://s.shopee.co.id/9fIG1dWhjh,Ya,Ya,,,Tidak
Amaterasun,Beauty & Health,https://s.shopee.co.id/7AZyCLdIqN,Ya,Ya,,,Tidak
AmorePacific,Beauty & Health,https://s.shopee.co.id/8V3OPyLrun,Ya,Ya,,,Tidak
Animate,Beauty & Health,https://s.shopee.co.id/7AblxIRKa3,Ya,Ya,,,Tidak
Anua,Beauty & Health,https://s.shopee.co.id/6VMsDYA5tr,Ya,Ya,,,Tidak
Aoera Indonesia,Beauty & Health,https://s.shopee.co.id/80BmL1oyRu,Ya,Ya,,,Tidak
Asoka,Fashion,https://shope.ee/BLR13O1QX,Ya,Ya,,,Tidak
Asta Homeware,Tech,https://s.shopee.co.id/3g2lrVNsif,Ya,Ya,,,Tidak
ASTHIN,Mom & Baby,https://s.shopee.co.id/AKVCCZMNbx,Ya,Ya,,,Tidak
Autumn,Beauty & Health,https://s.shopee.co.id/60QglxLzhl,Ya,Ya,,,Tidak
AXIS-Y,Beauty & Health,https://s.shopee.co.id/AAF30v5Nrl,Ya,Ya,,,Tidak
Azarine,Beauty & Health,https://s.shopee.co.id/AAG5tskAdf,Ya,Ya,,,Tidak
Baisisi,Beauty & Health,https://shope.ee/4AqayFeewh,Ya,Ya,,,Tidak
Baltikh,Beauty & Health,https://shope.ee/13S0rwNa1,Ya,Ya,,,Tidak
Barber Daily,Beauty & Health,https://s.shopee.co.id/2g8dcqIA8w,Ya,Ya,,,Tidak
Barsten,Beauty & Health,https://s.shopee.co.id/gOuOvAzeU,Ya,Ya,,,Tidak
Baseus,Tech,https://s.shopee.co.id/9zuvGssNW0,Ya,Ya,,,Tidak
Baseus,Tech,https://s.shopee.co.id/9UyefUjaLA,Ya,Ya,,,Tidak
Beauty Of Joseon,Beauty & Health,https://s.shopee.co.id/6pzjOIjTLM,Ya,Ya,,,Tidak
Bebiotic,Mom & Baby,https://s.shopee.co.id/9pYkHNe5Ua,Ya,Ya,,,Tidak
Belia Cosmetic,Beauty & Health,https://s.shopee.co.id/111kSq8p2z,Ya,Ya,,,Tidak
Beplain,Beauty & Health,https://s.shopee.co.id/BSldBEOMu,Ya,Ya,,,Tidak
BHUMI,Beauty & Health,https://s.shopee.co.id/1qVwqD9HDB,Ya,Ya,,,Tidak
Biodef,Beauty & Health,https://s.shopee.co.id/qiaXgG6rT,Ya,Ya,,,Tidak
Biolage,Beauty & Health,https://s.shopee.co.id/7KvoB6HgOG,Ya,Ya,,,Tidak
BIYU,Beauty & Health,https://shope.ee/13P58P54n,Ya,Ya,,,Tidak
Bizarre,Beauty & Health,https://s.shopee.co.id/40dKDnMtvY,Ya,Ya,,,Tidak
BLP Beauty,Beauty & Health,https://s.shopee.co.id/AKXVsUL0Ux,Ya,Ya,,,Tidak
Bob & Frou,Beauty & Health,https://s.shopee.co.id/7ppoOerN7R,Ya,Ya,,,Tidak
Bodimax,Tech,https://s.shopee.co.id/110oByTJCI,Ya,Ya,,,Tidak
Bonavie,Beauty & Health,https://s.shopee.co.id/6VLFqh9vrh,Ya,Ya,,,Tidak
Bonbox,Home & Living,https://s.shopee.co.id/4VZ0ETNZZa,Ya,Ya,,,Tidak
Bonbox,Home & Living,https://s.shopee.co.id/9pYGEyXlxA,Ya,Ya,,,Tidak
Bonbox,Home & Living,https://s.shopee.co.id/8pjn98knlo,Ya,Ya,,,Tidak
Bravhom,Tech,https://s.shopee.co.id/3LNwcArVkj,Ya,Ya,,,Tidak
BukuAgen Store,Tech,https://s.shopee.co.id/4qEbQFWoQW,Ya,Ya,,,Tidak
Buttered,Beauty & Health,https://s.shopee.co.id/10wQQzCmEl,Ya,Ya,,,Tidak
Calluna,Beauty & Health,https://s.shopee.co.id/9fF7aANQWx,Ya,Ya,,,Tidak
CARESO,Beauty & Health,https://s.shopee.co.id/8V6l5avplx,Ya,Ya,,,Tidak
Cave,Beauty & Health,https://s.shopee.co.id/9ANn6dVjO5,Ya,Ya,,,Tidak
CBD Haircare,Beauty & Health,https://s.shopee.co.id/qg47cKahc,Ya,Ya,,,Tidak
CeraVe,Beauty & Health,https://s.shopee.co.id/5Apo1p3ftK,Ya,Ya,,,Tidak
Cespedia,Fashion,https://s.shopee.co.id/1gGFuq0KFP,Ya,Ya,,,Tidak
Cetaphil,Beauty & Health,https://shope.ee/30eqRlKfQd,Ya,Ya,,,Tidak
Cetaphil,Beauty & Health,https://s.shopee.co.id/9zvay3xv3N,Ya,Ya,,,Tidak
CICIDO Indonesia,Home & Living,https://s.shopee.co.id/9zvHoB5XIY,Ya,Ya,,,Tidak
Cleora Beauty,Beauty & Health,https://s.shopee.co.id/1gC3vsxNIg,Ya,Ya,,,Tidak
Clorismen,Beauty & Health,https://shope.ee/3VY0FO1d06,Ya,Ya,,,Tidak
Colgate,Beauty & Health,https://s.shopee.co.id/7AaurP3UNY,Ya,Ya,,,Tidak
COOGER,Home & Living,https://s.shopee.co.id/80BTa4Wvmv,Ya,Ya,,,Tidak
COOGER,Home & Living,https://s.shopee.co.id/5VSFer760H,Ya,Ya,,,Tidak
Cool Vita,Mom & Baby,https://s.shopee.co.id/3B5gNoDAfN,Ya,Ya,,,Tidak
Coppera,Beauty & Health,https://s.shopee.co.id/2B98JmhSjc,Ya,Ya,,,Tidak
CRUSITA,Beauty & Health,https://s.shopee.co.id/2qRbDSjavw,Ya,Ya,,,Tidak
Crystallure,Beauty & Health,https://s.shopee.co.id/W2AOXK0ny,Ya,Ya,,,Tidak
Cubbie,Home & Living,https://shope.ee/6VAiJnq3j3,Ya,Ya,,,Tidak
Curcuma Plus,Mom & Baby,https://s.shopee.co.id/4LH7hH0hJ8,Ya,Ya,,,Tidak
Dentix,Beauty & Health,https://shope.ee/706zwIxMQO,Ya,Ya,,,Tidak
Deorex New Juni 2025,Beauty & Health,https://s.shopee.co.id/9Kh4OeutDL,Ya,Ya,,,Tidak
Dexter Indonesia,Mom & Baby,https://s.shopee.co.id/1gHRFX5nSp,Ya,Ya,,,Tidak
Docare,Beauty & Health,https://shope.ee/13RzgHKnX,Ya,Ya,,,Tidak
Doexide,Beauty & Health,https://s.shopee.co.id/902KZWJ67q,Ya,Ya,,,Tidak
Dorskin,Beauty & Health,https://s.shopee.co.id/1LZwSMoBZQ,Ya,Ya,,,Tidak
Dr.beemed,Beauty & Health,https://shope.ee/5pvyRDsiw5,Ya,Ya,,,Tidak
Ecentio,Home & Living,https://s.shopee.co.id/7Kw4DvrXlH,Ya,Ya,,,Tidak
Ecentio,Home & Living,https://s.shopee.co.id/6pwaHiI2KG,Ya,Ya,,,Tidak
Ellara,Home & Living,https://s.shopee.co.id/AKXvRfTXdy,Ya,Ya,,,Tidak
Eloi Coco,Beauty & Health,https://s.shopee.co.id/2g9sJSVSLM,Ya,Ya,,,Tidak
ElsheSkin,Beauty & Health,https://s.shopee.co.id/1gFddguwzT,Ya,Ya,,,Tidak
Elvicto Perfume,Beauty & Health,https://shope.ee/3LFNNU1OpJ,Ya,Ya,,,Tidak
Elvicto Skincare,Beauty & Health,https://s.shopee.co.id/4fpif4QTuj,Ya,Ya,,,Tidak
Embryolisse,Beauty & Health,https://s.shopee.co.id/9Kex0czWkp,Ya,Ya,,,Tidak
Emina,Beauty & Health,https://s.shopee.co.id/9pbOLvIncf,Ya,Ya,,,Tidak
ENCHEN,Tech,https://s.shopee.co.id/1LajVn0Y8k,Ya,Ya,,,Tidak
ERHA Acneact,Beauty & Health,https://s.shopee.co.id/6fdPmr7pYX,Ya,Ya,,,Tidak
ERHA STORE,Beauty & Health,https://s.shopee.co.id/2qQhX7o1Qp,Ya,Ya,,,Tidak
ERHA TRUWHITE,Beauty & Health,https://s.shopee.co.id/7Kt6fxPiiW,Ya,Ya,,,Tidak
ERTO'S,Beauty & Health,https://s.shopee.co.id/9pbLyqJpgW,Ya,Ya,,,Tidak
ESQA Cosmetics,Beauty & Health,https://s.shopee.co.id/9UzeudChmo,Ya,Ya,,,Tidak
Etude,Beauty & Health,https://s.shopee.co.id/7pp7AwWIkW,Ya,Ya,,,Tidak
Everpure,Beauty & Health,https://shope.ee/2qIMrUNLJH,Ya,Ya,,,Tidak
Everwhite,Beauty & Health,https://s.shopee.co.id/1gFvOQYkjJ,Ya,Ya,,,Tidak
Expert Boost,Mom & Baby,https://s.shopee.co.id/40czYM1Ppf,Ya,Ya,,,Tidak
Expert Care,Mom & Baby,https://s.shopee.co.id/9KfsY8W3JR,Ya,Ya,,,Tidak
Expert Care,Mom & Baby,https://s.shopee.co.id/8V6nE4vkM3,Ya,Ya,,,Tidak
Eze Nails,Beauty & Health,https://s.shopee.co.id/9AJg72VvWL,Ya,Ya,,,Tidak
Facetology,Beauty & Health,https://s.shopee.co.id/4LH61waobK,Ya,Ya,,,Tidak
Finally Found You,Beauty & Health,https://s.shopee.co.id/4LI9D8XUAG,Ya,Ya,,,Tidak
Finally Found You,Beauty & Health,https://s.shopee.co.id/40fIoXyt0x,Ya,Ya,,,Tidak
Finally Found You,Beauty & Health,https://s.shopee.co.id/W5Qe8CYxS,Ya,Ya,,,Tidak
freemir,Home & Living,https://s.shopee.co.id/9fJz5tUL0P,Ya,Ya,,,Tidak
freemir Electric,Home & Living,https://s.shopee.co.id/1BLJ1W8WyX,Ya,Ya,,,Tidak
freemir Original Store,Home & Living,https://s.shopee.co.id/2BA6b1MWF9,Ya,Ya,,,Tidak
FSS For Skin Sake,Beauty & Health,https://s.shopee.co.id/AUoqXsTcwE,Ya,Ya,,,Tidak
Gendes,Beauty & Health,https://s.shopee.co.id/4Va8MJqcNC,Ya,Ya,,,Tidak
Glam Shine Cosmetics,Beauty & Health,https://s.shopee.co.id/W49BVmeGr,Ya,Ya,,,Tidak
Glamazing,Beauty & Health,https://s.shopee.co.id/AACUcAlIij,Ya,Ya,,,Tidak
Gloowbi,Beauty & Health,https://s.shopee.co.id/6L2Ae2XJk4,Ya,Ya,,,Tidak
Goute,Beauty & Health,https://s.shopee.co.id/8fQP1Pm6Ye,Ya,Ya,,,Tidak
GRENEY,Fashion,https://s.shopee.co.id/3VeYjwQ1Hv,Ya,Ya,,,Tidak
Guele,Beauty & Health,https://s.shopee.co.id/9zv3yEriM5,Ya,Ya,,,Tidak
Haibuna,Beauty & Health,https://shope.ee/9KaJtJRovu,Ya,Ya,,,Tidak
Hairmony,Beauty & Health,https://s.shopee.co.id/1qWizTiCOz,Ya,Ya,,,Tidak
Hairnerds,Beauty & Health,https://s.shopee.co.id/3g1lmlGou5,Ya,Ya,,,Tidak
HaloFashion,Fashion,https://s.shopee.co.id/9KcjV4oswI,Ya,Ya,,,Tidak
Han River,Home & Living,https://s.shopee.co.id/7AYQQOvxbr,Ya,Ya,,,Tidak
Han River,Home & Living,https://s.shopee.co.id/6pu5Gc7AZ0,Ya,Ya,,,Tidak
Han River,Home & Living,https://s.shopee.co.id/7AWzDuE4cJ,Ya,Ya,,,Tidak
Han River,Home & Living,https://s.shopee.co.id/AAAanXhcFo,Ya,Ya,,,Tidak
Han River,Home & Living,https://s.shopee.co.id/qepWjpIS3,Ya,Ya,,,Tidak
Hanasui,Beauty & Health,https://s.shopee.co.id/6ffK4tukyJ,Ya,Ya,,,Tidak
Haveltea,Food & FMCG,https://s.shopee.co.id/gMp1CUOwt,Ya,Ya,,,Tidak
Heefn,Home & Living,https://s.shopee.co.id/AAFQeET3nY,Ya,Ya,,,Tidak
Herborist,Beauty & Health,https://s.shopee.co.id/4fuIViNNvv,Ya,Ya,,,Tidak
Himalaya,Beauty & Health,https://s.shopee.co.id/6pyv9S0Pqt,Ya,Ya,,,Tidak
HINT New November,Beauty & Health,https://s.shopee.co.id/7fUdTM7V9K,Ya,Ya,,,Tidak
Hogasan,Home & Living,https://s.shopee.co.id/2qTK29dkBG,Ya,Ya,,,Tidak
HONOR,Tech,https://shope.ee/AAA29o3H1R,Ya,Ya,,,Tidak
IMBOOST,Mom & Baby,https://s.shopee.co.id/qgTBwgEq9,Ya,Ya,,,Tidak
INBEX,Tech,https://s.shopee.co.id/2g9B1XELb7,Ya,Ya,,,Tidak
Innisfree,Beauty & Health,https://s.shopee.co.id/50Wx1myV3D,Ya,Ya,,,Tidak
Innisfree,Beauty & Health,https://s.shopee.co.id/50Wx1o2QWo,Ya,Ya,,,Tidak
Instaperfect,Beauty & Health,https://s.shopee.co.id/4LEsxwagCY,Ya,Ya,,,Tidak
IOK Indonesia,Fashion,https://s.shopee.co.id/gO8D3b2em,Ya,Ya,,,Tidak
ISWHITE,Beauty & Health,https://s.shopee.co.id/qeRavoDha,Ya,Ya,,,Tidak
ITEL,Tech,https://s.shopee.co.id/2Vo71BPD9U,Ya,Ya,,,Tidak
ITEL,Tech,https://s.shopee.co.id/2qTeuOfsO5,Ya,Ya,,,Tidak
ITEL Tangerang,Tech,https://s.shopee.co.id/AABEgRFrVU,Ya,Ya,,,Tidak
JINISO,Fashion,https://s.shopee.co.id/1BGOMhZQiU,Ya,Ya,,,Tidak
Judydoll,Beauty & Health,https://s.shopee.co.id/Ll6fQj4zR,Ya,Ya,,,Tidak
Kafamilk,Food & FMCG,https://s.shopee.co.id/4Av1wpgoBp,Ya,Ya,,,Tidak
Kahf,Beauty & Health,https://s.shopee.co.id/15tmgRx4L,Ya,Ya,,,Tidak
KEELAT,Tech,https://shope.ee/30apljnJlm,Ya,Ya,,,Tidak
KiiP,Tech,https://s.shopee.co.id/6VIjcvZ8nM,Ya,Ya,,,Tidak
KiiP,Tech,https://s.shopee.co.id/2B9e9mb8Wc,Ya,Ya,,,Tidak
KiiP,Tech,https://s.shopee.co.id/30mx5j9FLH,Ya,Ya,,,Tidak
Kime Skincare,Beauty & Health,https://s.shopee.co.id/20thFbMQZd,Ya,Ya,,,Tidak
Kintakun,Home & Living,https://s.shopee.co.id/8ASObzESJs,Ya,Ya,,,Tidak
KKTOP,Fashion,https://s.shopee.co.id/60QLbw2QIJ,Ya,Ya,,,Tidak
KLINBOS,Home & Living,https://s.shopee.co.id/6L0qtdlBeN,Ya,Ya,,,Tidak
KOERx,Beauty & Health,https://s.shopee.co.id/8KoWVuLF7b,Ya,Ya,,,Tidak
KYMM SKIN,Beauty & Health,https://s.shopee.co.id/9AJnrtgH2N,Ya,Ya,,,Tidak
KYMM SKIN,Beauty & Health,https://s.shopee.co.id/8fQkf3Gn94,Ya,Ya,,,Tidak
L'Oreal Paris Indonesia,Beauty & Health,https://s.shopee.co.id/5fm9K3NQQO,Ya,Ya,,,Tidak
L'Oreal Paris Indonesia,Beauty & Health,https://s.shopee.co.id/9AM1UVRulj,Ya,Ya,,,Tidak
L'Oréal Professionnel,Beauty & Health,https://s.shopee.co.id/3B6UyQ64y8,Ya,Ya,,,Tidak
La Roche Posay,Beauty & Health,https://s.shopee.co.id/9UynBajhv3,Ya,Ya,,,Tidak
La Roche Posay,Beauty & Health,https://s.shopee.co.id/qh2n9syMw,Ya,Ya,,,Tidak
Labore,Beauty & Health,https://s.shopee.co.id/2LToZU5nap,Ya,Ya,,,Tidak
Lacoco,Beauty & Health,https://s.shopee.co.id/gJdTyEyD7,Ya,Ya,,,Tidak
Lancome,Beauty & Health,https://s.shopee.co.id/2VpbcT1FGU,Ya,Ya,,,Tidak
Laneige,Beauty & Health,https://s.shopee.co.id/8AT7WjI6pF,Ya,Ya,,,Tidak
Lashboss,Beauty & Health,https://s.shopee.co.id/1gDbUXxsrj,Ya,Ya,,,Tidak
Laushine Beauty,Beauty & Health,https://s.shopee.co.id/1qb3QedJUe,Ya,Ya,,,Tidak
Lavees Cosmedics,Beauty & Health,https://shope.ee/7ATok1LDfz,Ya,Ya,,,Tidak
Lencir Indonesia,Beauty & Health,https://s.shopee.co.id/1gFZ1jtnKk,Ya,Ya,,,Tidak
LIBY,Home & Living,https://shope.ee/9fBZgxfRXx,Ya,Ya,,,Tidak
Lozy Hijab,Fashion,https://s.shopee.co.id/BSSlu3ne6,Ya,Ya,,,Tidak
Lunavee Indonesia,Beauty & Health,https://s.shopee.co.id/gNRVd5xEA,Ya,Ya,,,Tidak
Make Over,Beauty & Health,https://s.shopee.co.id/70H3ZMs9NZ,Ya,Ya,,,Tidak
Make Over,Beauty & Health,https://shope.ee/2B5NHXkghl,Ya,Ya,,,Tidak
Mallia,Beauty & Health,https://s.shopee.co.id/1Vwl2YJjxv,Ya,Ya,,,Tidak
Matrix ID,Beauty & Health,https://s.shopee.co.id/6L3FPQqGVV,Ya,Ya,,,Tidak
Milittle Things,Beauty & Health,https://s.shopee.co.id/LkkdEdQHv,Ya,Ya,,,Tidak
Mine Perfumery,Beauty & Health,https://s.shopee.co.id/8fOnEy13qa,Ya,Ya,,,Tidak
MINISO,Beauty & Health,https://shope.ee/7fSoML8imT,Ya,Ya,,,Tidak
MINISO,Beauty & Health,https://s.shopee.co.id/7KrkJp3jVZ,Ya,Ya,,,Tidak
MINISO,Beauty & Health,https://s.shopee.co.id/9KfxF5bILX,Ya,Ya,,,Tidak
MINISO TOY,Home & Living,https://s.shopee.co.id/40fMO0VK7n,Ya,Ya,,,Tidak
Mirael,Beauty & Health,https://s.shopee.co.id/7fW1rxIFLd,Ya,Ya,,,Tidak
Miranda Hair Care,Beauty & Health,https://s.shopee.co.id/4Aysw0YcxL,Ya,Ya,,,Tidak
Mirror Space,Tech,https://s.shopee.co.id/7Kt3qC38dL,Ya,Ya,,,Tidak
Mito Electronic,Home & Living,https://s.shopee.co.id/3B5TRqoB3F,Ya,Ya,,,Tidak
MIXIO,Home & Living,https://s.shopee.co.id/8pj68CCtLF,Ya,Ya,,,Tidak
MLEN Diary,Beauty & Health,https://s.shopee.co.id/60KkA0ywiI,Ya,Ya,,,Tidak
MLEN Diary,Beauty & Health,https://s.shopee.co.id/6VL4ZDqItU,Ya,Ya,,,Tidak
mnccosmetic,Beauty & Health,https://s.shopee.co.id/5fmS04TZwJ,Ya,Ya,,,Tidak
Moell,Mom & Baby,https://s.shopee.co.id/2VpuLfnywZ,Ya,Ya,,,Tidak
Moell,Mom & Baby,https://s.shopee.co.id/AUs5p4O4RA,Ya,Ya,,,Tidak
Mom Uung,Mom & Baby,https://s.shopee.co.id/7AZmzN5U9u,Ya,Ya,,,Tidak
Momami,Mom & Baby,https://s.shopee.co.id/18Zo94aV2,Ya,Ya,,,Tidak
Momelca Fashion,Fashion,https://s.shopee.co.id/LgzrQZFZa,Ya,Ya,,,Tidak
Mossèru,Beauty & Health,https://s.shopee.co.id/W5k16aXYZ,Ya,Ya,,,Tidak
Mother of Pearl,Beauty & Health,https://s.shopee.co.id/1BKFdrqQfe,Ya,Ya,,,Tidak
Mother of Pearl,Beauty & Health,https://s.shopee.co.id/8fR5AKj0NN,Ya,Ya,,,Tidak
Motorola,Tech,https://s.shopee.co.id/50T6hFjTxW,Ya,Ya,,,Tidak
Motorola,Tech,https://s.shopee.co.id/7Kv2vnukL6,Ya,Ya,,,Tidak
MS Glow For Men,Beauty & Health,https://s.shopee.co.id/9pasfcu1rl,Ya,Ya,,,Tidak
My Baby,Mom & Baby,https://s.shopee.co.id/3qJjOELAvM,Ya,Ya,,,Tidak
Naavagreen,Beauty & Health,https://s.shopee.co.id/4AyvmDcbzA,Ya,Ya,,,Tidak
Naisday,Beauty & Health,https://s.shopee.co.id/1LchCNCQDi,Ya,Ya,,,Tidak
Najwa Fashion,Fashion,https://s.shopee.co.id/7AXJxobInA,Ya,Ya,,,Tidak
Natasha Skincare,Beauty & Health,https://s.shopee.co.id/2VqiAuo9xK,Ya,Ya,,,Tidak
NCO Parfum,Beauty & Health,https://shope.ee/AUiWIBUeG0,Ya,Ya,,,Tidak
Neozen,Home & Living,https://s.shopee.co.id/6fe5L4OVl3,Ya,Ya,,,Tidak
Newlab,Beauty & Health,https://s.shopee.co.id/LlnxlCqPw,Ya,Ya,,,Tidak
NIVEA,Beauty & Health,https://s.shopee.co.id/1LerFMFzW4,Ya,Ya,,,Tidak
NIVEA,Beauty & Health,https://s.shopee.co.id/5VUQD3UFzT,Ya,Ya,,,Tidak
Noroid,Beauty & Health,https://s.shopee.co.id/7KrowtkF8L,Ya,Ya,,,Tidak
NPURE,Beauty & Health,https://s.shopee.co.id/AUrwMVyTse,Ya,Ya,,,Tidak
Nubia,Tech,https://s.shopee.co.id/17fYorl9d,Ya,Ya,,,Tidak
Nubia,Tech,https://s.shopee.co.id/qh8uyIzcp,Ya,Ya,,,Tidak
Nuface,Beauty & Health,https://s.shopee.co.id/5VSidhIts6,Ya,Ya,,,Tidak
Nurilab,Beauty & Health,https://shope.ee/1qUiyGSkBn,Ya,Ya,,,Tidak
Nutrimart,Food & FMCG,https://s.shopee.co.id/4qERl2OJd3,Ya,Ya,,,Tidak
Octarine,Beauty & Health,https://s.shopee.co.id/4qDpshDldJ,Ya,Ya,,,Tidak
Octarine,Beauty & Health,https://s.shopee.co.id/2Vpv6TBPTb,Ya,Ya,,,Tidak
Olike,Tech,https://s.shopee.co.id/2g5IIdiISb,Ya,Ya,,,Tidak
OMG Beauty,Beauty & Health,https://s.shopee.co.id/8Kl1kIV7iN,Ya,Ya,,,Tidak
ONIX,Beauty & Health,https://s.shopee.co.id/10wQGk6oTB,Ya,Ya,,,Tidak
ONIX,Beauty & Health,https://s.shopee.co.id/10wQGk6oTB,Ya,Ya,,,Tidak
OPPO New November,Tech,https://s.shopee.co.id/9fJiwa74GG,Ya,Ya,,,Tidak
Ownskin Id,Beauty & Health,https://s.shopee.co.id/3qLgDF592v,Ya,Ya,,,Tidak
Oxone,Home & Living,https://s.shopee.co.id/AABqUFFhCw,Ya,Ya,,,Tidak
PANOVA,Home & Living,https://s.shopee.co.id/3LPkE3IwU3,Ya,Ya,,,Tidak
Perfect White,Beauty & Health,https://s.shopee.co.id/40aD1gOXdA,Ya,Ya,,,Tidak
Pero,Home & Living,https://s.shopee.co.id/3B4j4tKM4b,Ya,Ya,,,Tidak
Pero Indonesia,Home & Living,https://s.shopee.co.id/gN4uGuI8D,Ya,Ya,,,Tidak
Pero Indonesia,Home & Living,https://s.shopee.co.id/1VwBtqYJB8,Ya,Ya,,,Tidak
Pigeon Teens 1,Beauty & Health,https://s.shopee.co.id/4Au33crvP6,Ya,Ya,,,Tidak
Pigeon Teens 1,Beauty & Health,https://s.shopee.co.id/2BCWrJXjiT,Ya,Ya,,,Tidak
Plan Your Skin,Beauty & Health,https://s.shopee.co.id/50W5w59oPd,Ya,Ya,,,Tidak
POL Perabot,Home & Living,https://s.shopee.co.id/W3pkyGBhe,Ya,Ya,,,Tidak
POLKI,Home & Living,https://s.shopee.co.id/7Kv3vaPke3,Ya,Ya,,,Tidak
POSE Shoes,Fashion,https://s.shopee.co.id/6fcr2vdgkT,Ya,Ya,,,Tidak
Pramy,Beauty & Health,https://s.shopee.co.id/2g8QkD6TTi,Ya,Ya,,,Tidak
Prepare,Beauty & Health,https://shope.ee/5ffYa9xUUE,Ya,Ya,,,Tidak
PRINCESS KESLI,Fashion,https://s.shopee.co.id/9UwhIal4SP,Ya,Ya,,,Tidak
Purbasari,Beauty & Health,https://s.shopee.co.id/5AreTbeI3K,Ya,Ya,,,Tidak
Purito Indonesia,Beauty & Health,https://s.shopee.co.id/W4kXtQDib,Ya,Ya,,,Tidak
Purito Indonesia,Beauty & Health,https://s.shopee.co.id/40fHFPOSaf,Ya,Ya,,,Tidak
Putri,Beauty & Health,https://s.shopee.co.id/9zuOLkrgCJ,Ya,Ya,,,Tidak
Putri Jaya Kosmetik,Beauty & Health,https://s.shopee.co.id/7VFQAq56st,Ya,Ya,,,Tidak
Raecca Beauty Care,Beauty & Health,https://s.shopee.co.id/W5SEmAGIk,Ya,Ya,,,Tidak
RAPAtech,Tech,https://s.shopee.co.id/3Vg36M8hMY,Ya,Ya,,,Tidak
Real Heavy,Fashion,https://s.shopee.co.id/6L0IDPKqz6,Ya,Ya,,,Tidak
Reveline Beauty,Beauty & Health,https://shope.ee/5ff2hPGWK3,Ya,Ya,,,Tidak
Rhei Collection,Fashion,https://s.shopee.co.id/4VWYm2P8HY,Ya,Ya,,,Tidak
rifanyhijab,Fashion,https://s.shopee.co.id/8pgGMeuo55,Ya,Ya,,,Tidak
ROBOT,Tech,https://s.shopee.co.id/9fJnwheelM,Ya,Ya,,,Tidak
ROBOT PC,Tech,https://s.shopee.co.id/6fdkdKv4t6,Ya,Ya,,,Tidak
Rose All Day,Beauty & Health,https://s.shopee.co.id/70ItDLzhBi,Ya,Ya,,,Tidak
SAFF & Co,Beauty & Health,https://s.shopee.co.id/901yddMxiL,Ya,Ya,,,Tidak
SAFF & Co,Beauty & Health,https://s.shopee.co.id/40emucrJff,Ya,Ya,,,Tidak
SAMONO,Home & Living,https://s.shopee.co.id/8pkrjXAn3f,Ya,Ya,,,Tidak
SAMONO,Home & Living,https://s.shopee.co.id/7VDLtb8ogT,Ya,Ya,,,Tidak
SAMONO,Home & Living,https://shope.ee/8peCbhJyRJ,Ya,Ya,,,Tidak
Sandisk,Tech,https://s.shopee.co.id/AACO4hyeL2,Ya,Ya,,,Tidak
Sandisk,Tech,https://s.shopee.co.id/900Qgcbcw8,Ya,Ya,,,Tidak
Sanvanina,Fashion,https://s.shopee.co.id/40cFB6o92q,Ya,Ya,,,Tidak
SASC,Beauty & Health,https://s.shopee.co.id/AUrOnlUBEI,Ya,Ya,,,Tidak
Scora,Beauty & Health,https://s.shopee.co.id/7prqG3BDxm,Ya,Ya,,,Tidak
Sculpt Fashion,Fashion,https://s.shopee.co.id/3LPRHggZYt,Ya,Ya,,,Tidak
Sculpt Skin,Fashion,https://s.shopee.co.id/3B614tsugH,Ya,Ya,,,Tidak
Seagloca,Fashion,https://s.shopee.co.id/6AfWsgPQfS,Ya,Ya,,,Tidak
Sidomuncul,Food & FMCG,https://s.shopee.co.id/8AUKcxN7FA,Ya,Ya,,,Tidak
Simplus,Tech,https://s.shopee.co.id/7AcMFK3VnJ,Ya,Ya,,,Tidak
Sinergia Beaute,Beauty & Health,https://s.shopee.co.id/9zwKojv0Ts,Ya,Ya,,,Tidak
Skin Game,Beauty & Health,https://s.shopee.co.id/4LHZHaXRTs,Ya,Ya,,,Tidak
Skinfood,Beauty & Health,https://shope.ee/9zlNcxhWVq,Ya,Ya,,,Tidak
SLAVINA,Beauty & Health,https://s.shopee.co.id/3g2UKuVDMU,Ya,Ya,,,Tidak
SOGO Mastap,Tech,https://s.shopee.co.id/qhXE1Z6ax,Ya,Ya,,,Tidak
Some By Mi,Beauty & Health,https://s.shopee.co.id/7KtimeXGmk,Ya,Ya,,,Tidak
Some By Mi,Beauty & Health,https://s.shopee.co.id/50Vo0QeT52,Ya,Ya,,,Tidak
SOMETHINC,Beauty & Health,https://s.shopee.co.id/3qLBwZCWj5,Ya,Ya,,,Tidak
SOMETHINC,Beauty & Health,https://s.shopee.co.id/3qH6p9T6hx,Ya,Ya,,,Tidak
SOMETHINC,Beauty & Health,https://s.shopee.co.id/6VKyCGlQR7,Ya,Ya,,,Tidak
Speeds,Sports,https://s.shopee.co.id/8KjFZt8INO,Ya,Ya,,,Tidak
Studio Tropik,Beauty & Health,https://s.shopee.co.id/3LL29RsFrT,Ya,Ya,,,Tidak
Sulwhasoo,Beauty & Health,https://s.shopee.co.id/7pqS7ohlxM,Ya,Ya,,,Tidak
Summerscent,Home & Living,https://s.shopee.co.id/3qK8L7egBb,Ya,Ya,,,Tidak
Sunhouse,Home & Living,https://s.shopee.co.id/9ANWwdYhOS,Ya,Ya,,,Tidak
SUPEREGO,Fashion,https://s.shopee.co.id/8ASYUl8GHt,Ya,Ya,,,Tidak
Sweet Sally,Fashion,https://s.shopee.co.id/8KnckkVmbk,Ya,Ya,,,Tidak
TACO,Home & Living,https://s.shopee.co.id/9ANjlfOge6,Ya,Ya,,,Tidak
Tavi,Beauty & Health,https://s.shopee.co.id/9KeYmZNzs7,Ya,Ya,,,Tidak
TECNO,Tech,https://s.shopee.co.id/2BBcZDbWPi,Ya,Ya,,,Tidak
TECNO,Tech,https://s.shopee.co.id/1Vxpv50FtB,Ya,Ya,,,Tidak
Tentang Anak Shop,Mom & Baby,https://s.shopee.co.id/30kvAmQYcO,Ya,Ya,,,Tidak
Thipank,Beauty & Health,https://shope.ee/6psT12vfWc,Ya,Ya,,,Tidak
This Is Your,Beauty & Health,https://s.shopee.co.id/7fXZe0wLgL,Ya,Ya,,,Tidak
Toko Pojok Perabot,Home & Living,https://s.shopee.co.id/9fGTzOhPJy,Ya,Ya,,,Tidak
Tokolobo,Fashion,https://s.shopee.co.id/8fQGKIpRIu,Ya,Ya,,,Tidak
TOP TOY,Home & Living,https://s.shopee.co.id/8Ko5Rl2XiP,Ya,Ya,,,Tidak
TOSHIBA,Tech,https://s.shopee.co.id/50X9DlwvST,Ya,Ya,,,Tidak
True To Skin,Beauty & Health,https://s.shopee.co.id/70EcKuTU89,Ya,Ya,,,Tidak
UGREEN,Tech,https://shope.ee/50NRr6U0Wo,Ya,Ya,,,Tidak
Ulike,Tech,https://s.shopee.co.id/70IOtehlX3,Ya,Ya,,,Tidak
Unilever Beauty 1,Beauty & Health,https://s.shopee.co.id/9V0P0ydnMe,Ya,Ya,,,Tidak
Unilever Beauty 1,Beauty & Health,https://s.shopee.co.id/5fnjuHBVff,Ya,Ya,,,Tidak
Unilever Beauty 1,Beauty & Health,https://s.shopee.co.id/5VTXy1sbK3,Ya,Ya,,,Tidak
Unilever Beauty 1,Beauty & Health,https://s.shopee.co.id/80Aswd9xmM,Ya,Ya,,,Tidak
Unilever Homecare,Home & Living,https://s.shopee.co.id/1Laa1Jdepu,Ya,Ya,,,Tidak
Unilever Personal Care,Beauty & Health,https://s.shopee.co.id/8fPMKruDmT,Ya,Ya,,,Tidak
UNITARY,Beauty & Health,https://s.shopee.co.id/2VoWeUxRJh,Ya,Ya,,,Tidak
UNITARY,Beauty & Health,https://s.shopee.co.id/5fjhuXfn1G,Ya,Ya,,,Tidak
URBANx,Beauty & Health,https://s.shopee.co.id/1qWHvHX6W5,Ya,Ya,,,Tidak
usmile,Beauty & Health,https://s.shopee.co.id/902iu3keNR,Ya,Ya,,,Tidak
Vitmaker,Food & FMCG,https://s.shopee.co.id/2B9CfSn95F,Ya,Ya,,,Tidak
Vivan,Tech,https://shope.ee/Vz8WJ1Pvs,Ya,Ya,,,Tidak
Votre,Beauty & Health,https://s.shopee.co.id/1gGmTPtR7N,Ya,Ya,,,Tidak
Watsons,Beauty & Health,https://s.shopee.co.id/gLsCqWV3G,Ya,Ya,,,Tidak
White Story,Beauty & Health,https://s.shopee.co.id/3LO9NaU6oY,Ya,Ya,,,Tidak
Whitelab,Beauty & Health,https://s.shopee.co.id/9UzNKyXXfP,Ya,Ya,,,Tidak
Winland,Tech,https://s.shopee.co.id/1BIYDXYi63,Ya,Ya,,,Tidak
Wonderlux,Beauty & Health,https://s.shopee.co.id/1VxFRDbTfO,Ya,Ya,,,Tidak
Xiaomi,Tech,https://s.shopee.co.id/7AbfJLhmbO,Ya,Ya,,,Tidak
Xiaomi,Tech,https://s.shopee.co.id/3LOwWv5nYW,Ya,Ya,,,Tidak
Xiaomi,Tech,https://s.shopee.co.id/40ajkg4343,Ya,Ya,,,Tidak
Xiaomi,Tech,https://s.shopee.co.id/8zztZdcuX8,Ya,Ya,,,Tidak
Xiaomi,Tech,https://s.shopee.co.id/6AiYpiO13Z,Ya,Ya,,,Tidak
XLYZ,Fashion,https://s.shopee.co.id/8zyTjgvEt2,Ya,Ya,,,Tidak
Xora Hijab,Fashion,https://s.shopee.co.id/7KrkdwjZkG,Ya,Ya,,,Tidak
YNM Beauty,Beauty & Health,https://s.shopee.co.id/qcyWTgElR,Ya,Ya,,,Tidak
Youware,Home & Living,https://s.shopee.co.id/70ImcKsGOZ,Ya,Ya,,,Tidak
AIUEO,Tech,https://shope.ee/AA8E2IdtGh,Ya,Tidak,,,Tidak
ERHA Skinsitive,Beauty & Health,https://s.shopee.co.id/9AKklf1vjK,Ya,Tidak,,,Tidak
Kiehl's Indonesia,Beauty & Health,https://s.shopee.co.id/AKYSxCcYMD,Ya,Tidak,,,Tidak
Opella ID,Beauty & Health,https://s.shopee.co.id/40dAoEV89F,Ya,Tidak,,,Tidak
realme,Tech,https://s.shopee.co.id/70IuZ0R8cR,Ya,Tidak,,,Tidak
Secret Clean,Beauty & Health,https://s.shopee.co.id/6VLAvTwjxl,Ya,Tidak,,,Tidak
SKIN1004,Beauty & Health,https://s.shopee.co.id/qh2UWOZPR,Ya,Tidak,,,Tidak
SKIN1004,Beauty & Health,https://s.shopee.co.id/111vpsJm5K,Ya,Tidak,,,Tidak
Skinlutions,Beauty & Health,https://shope.ee/60F0g9K57D,Ya,Tidak,,,Tidak
Sweety,Mom & Baby,https://s.shopee.co.id/70FsbP1NCC,Ya,Tidak,,,Tidak
UPHOME,Tech,https://shope.ee/3LIu9Ct7nZ,Ya,Tidak,,,Tidak
Vitabumin,Mom & Baby,https://shope.ee/8KiV7gE3OQ,Ya,Tidak,,,Tidak
ZUMA Indonesia,Fashion,https://s.shopee.co.id/6L15ERBbfi,Ya,Tidak,,,Tidak
3CE,Beauty & Health,https://shope.ee/gCyE69JxK,Tidak,Ya,,,Tidak
3CE,Beauty & Health,https://s.shopee.co.id/4LGhtzUPzd,Tidak,Ya,,,Tidak
Cuculemon Tumblr,Home & Living,https://s.shopee.co.id/806NMtHrww,Tidak,Ya,,,Tidak
Garnier,Beauty & Health,https://s.shopee.co.id/W1paR1zVn,Tidak,Ya,,,Tidak
Garnier,Beauty & Health,https://s.shopee.co.id/9ALThJSxA4,Tidak,Ya,,,Tidak
Garnier,Beauty & Health,https://s.shopee.co.id/9zujsbbxQc,Tidak,Ya,,,Tidak
Madame Gie,Beauty & Health,https://s.shopee.co.id/LhozXqBvy,Tidak,Ya,,,Tidak
Madame Gie,Beauty & Health,https://s.shopee.co.id/7ppVV1zCDi,Tidak,Ya,,,Tidak
Maybelline,Beauty & Health,https://s.shopee.co.id/70IEG6nINq,Tidak,Ya,,,Tidak
Mukenah.Aminah,Fashion,https://s.shopee.co.id/30i2RhKtCP,Tidak,Ya,,,Tidak
Nespresso,Tech,https://s.shopee.co.id/1LcKfhSbBI,Tidak,Ya,,,Tidak
Oraimo,Tech,https://shope.ee/1BCrq7WBdr,Tidak,Ya,,,Tidak
POCO,Tech,https://s.shopee.co.id/6ffOV6zk52,Tidak,Ya,,,Tidak
POCO,Tech,https://s.shopee.co.id/7Kv5ILbLrr,Tidak,Ya,,,Tidak
Scarlett Whitening,Beauty & Health,https://s.shopee.co.id/1BHJeTeWyi,Tidak,Ya,,,Tidak
Scarlett Whitening,Beauty & Health,https://s.shopee.co.id/5q7BkS18Vc,Tidak,Ya,,,Tidak
Scarlett Whitening,Beauty & Health,https://s.shopee.co.id/AKUIOLp6BT,Tidak,Ya,,,Tidak
Scarlett Whitening,Beauty & Health,https://s.shopee.co.id/2LSmYYtzG8,Tidak,Ya,,,Tidak
Scentplus,Beauty & Health,https://shope.ee/8fJAKSAo9R,Tidak,Ya,,,Tidak
Shu Uemura,Beauty & Health,https://s.shopee.co.id/6VJiHiA98a,Tidak,Ya,,,Tidak
Advan,Tech,https://s.shopee.co.id/7VAsnEiD8I,Tidak,Tidak,,,Tidak
Aestika Hair,Beauty & Health,https://shope.ee/5KyZDa7tX3,Tidak,Tidak,,,Tidak
AHE Hair,Beauty & Health,https://shope.ee/gGPiGiqrG,Tidak,Tidak,,,Tidak
Alt Perfumery,Beauty & Health,https://shope.ee/2VebNGiV6J,Tidak,Tidak,,,Tidak
asheeqahijab03,Fashion,https://shope.ee/2Vg0k8xP34,Tidak,Tidak,,,Tidak
Avero,Beauty & Health,https://shope.ee/7zy8xL6ntt,Tidak,Tidak,,,Tidak
AY'S ON YOU,Beauty & Health,https://shope.ee/7zybsmLHG7,Tidak,Tidak,,,Tidak
Bazaar Plastik,Beauty & Health,https://shope.ee/7fLa13HjHc,Tidak,Tidak,,,Tidak
Bhira Store,Beauty & Health,https://shope.ee/60DHb135Bg,Tidak,Tidak,,,Tidak
BIKA AMBON RICA RICO,Food & FMCG,https://s.shopee.co.id/BRVX6Pwcp,Tidak,Tidak,,,Tidak
Bold Gent,Beauty & Health,https://shope.ee/7zztj7T8qY,Tidak,Tidak,,,Tidak
BOSTANTEN Shoes,Fashion,https://shope.ee/2qNcEl2kXr,Tidak,Tidak,,,Tidak
Careso Baby,Mom & Baby,https://s.shopee.co.id/4fs7GN7wMB,Tidak,Tidak,,,Tidak
Cuan Kabel,Tech,https://shope.ee/7fLIYcB2Pl,Tidak,Tidak,,,Tidak
Dermasential,Beauty & Health,https://shope.ee/2qG2nlxuRU,Tidak,Tidak,,,Tidak
DSavior,Beauty & Health,https://s.shopee.co.id/6VLhDDl4gp,Tidak,Tidak,,,Tidak
DSE Dermascalp Expert,Beauty & Health,https://s.shopee.co.id/80BsiU5fLo,Tidak,Tidak,,,Tidak
Earth Love Life,Beauty & Health,https://s.shopee.co.id/6VMuGjKT9l,Tidak,Tidak,,,Tidak
ERHAIR,Beauty & Health,https://s.shopee.co.id/4fsLWfmH2x,Tidak,Tidak,,,Tidak
Gamen,Tech,https://s.shopee.co.id/3LNIeOwCke,Tidak,Tidak,,,Tidak
Ginza,Beauty & Health,https://shope.ee/9AC7OlFSDq,Tidak,Tidak,,,Tidak
Glad2Glow,Beauty & Health,https://shope.ee/4ApWCBgWjx,Tidak,Tidak,,,Tidak
GOOJODOQ,Tech,https://s.shopee.co.id/80A2Dj5UOm,Tidak,Tidak,,,Tidak
GOOJODOQ,Tech,https://s.shopee.co.id/6fftCooqST,Tidak,Tidak,,,Tidak
Hansaplast,Beauty & Health,https://shope.ee/10pSHCxl47,Tidak,Tidak,,,Tidak
HealthyWay,Mom & Baby,https://s.shopee.co.id/7VBdLlUJXO,Tidak,Tidak,,,Tidak
HG Men,Beauty & Health,https://shope.ee/6pmV1Udxew,Tidak,Tidak,,,Tidak
Huawei,Tech,https://s.shopee.co.id/7VEaeMb9mB,Tidak,Tidak,,,Tidak
Huawei,Tech,https://s.shopee.co.id/902J4q8oKa,Tidak,Tidak,,,Tidak
Huawei,Tech,https://s.shopee.co.id/2g8Q6cbEvY,Tidak,Tidak,,,Tidak
Huawei,Tech,https://s.shopee.co.id/3qLvz0yrGM,Tidak,Tidak,,,Tidak
Icebiu,Home & Living,https://shope.ee/9zoveS78PI,Tidak,Tidak,,,Tidak
Implora,Beauty & Health,https://s.shopee.co.id/6pw40HcjUf,Tidak,Tidak,,,Tidak
Infinix,Tech,https://s.shopee.co.id/2Vql1QT4mF,Tidak,Tidak,,,Tidak
INTHEBOX Kasur,Home & Living,https://s.shopee.co.id/AUq5H014vE,Tidak,Tidak,,,Tidak
Jacquelle,Beauty & Health,https://s.shopee.co.id/9ztdWCAOGS,Tidak,Tidak,,,Tidak
Jiera New April 2025,Beauty & Health,https://shope.ee/1BDtbAV8ly,Tidak,Tidak,,,Tidak
JOOCYEE,Beauty & Health,https://s.shopee.co.id/70IjWp1dX8,Tidak,Tidak,,,Tidak
Kay Beauty,Beauty & Health,https://shope.ee/9pQuMFiXuT,Tidak,Tidak,,,Tidak
Kerastase,Beauty & Health,https://s.shopee.co.id/5VSHMBipQj,Tidak,Tidak,,,Tidak
Kojis,Beauty & Health,https://s.shopee.co.id/9AJ5NHmmzF,Tidak,Tidak,,,Tidak
Lampuledstrip,Tech,https://shope.ee/2LKIGWf8B4,Tidak,Tidak,,,Tidak
Lanbena,Beauty & Health,https://shope.ee/3LIkEmw709,Tidak,Tidak,,,Tidak
Lightplus,Beauty & Health,https://s.shopee.co.id/5q7Bl7TbQv,Tidak,Tidak,,,Tidak
Luxcrime,Beauty & Health,https://s.shopee.co.id/gJbl9KZyd,Tidak,Tidak,,,Tidak
Mad For Makeup,Beauty & Health,https://shope.ee/Lc6mTtj76,Tidak,Tidak,,,Tidak
Mahkota Hijab Store,Fashion,https://shope.ee/5AiUXrTq1k,Tidak,Tidak,,,Tidak
Makarizo,Beauty & Health,https://s.shopee.co.id/901uTxnGRr,Tidak,Tidak,,,Tidak
Makarizo,Beauty & Health,https://s.shopee.co.id/7fWWtX0Wt0,Tidak,Tidak,,,Tidak
man shabara,Fashion,https://shope.ee/5pwShwJry0,Tidak,Tidak,,,Tidak
Marina,Beauty & Health,https://s.shopee.co.id/5Anid2at7D,Tidak,Tidak,,,Tidak
Masami New April 2025,Beauty & Health,https://shope.ee/gCf9JhtoM,Tidak,Tidak,,,Tidak
mexshamall,Fashion,https://shope.ee/1BCLmPmWLS,Tidak,Tidak,,,Tidak
Morris,Beauty & Health,https://shope.ee/4AnPNi1PfU,Tidak,Tidak,,,Tidak
msyu,Fashion,https://shope.ee/10rrHIe1Rb,Tidak,Tidak,,,Tidak
Mustika Ratu,Beauty & Health,https://shope.ee/8UxoVBEMwz,Tidak,Tidak,,,Tidak
Nabnib,Fashion,https://shope.ee/8fHDJREVvM,Tidak,Tidak,,,Tidak
Naturahavens,Beauty & Health,https://shope.ee/2LLiIiP532,Tidak,Tidak,,,Tidak
Noera,Beauty & Health,https://s.shopee.co.id/3Vh3GjfUS8,Tidak,Tidak,,,Tidak
Onlife,Tech,https://s.shopee.co.id/8fQAAOpjxH,Tidak,Tidak,,,Tidak
P&G,Beauty & Health,https://shope.ee/9pRt2T5WvP,Tidak,Tidak,,,Tidak
Papaso,Home & Living,https://shope.ee/8AHsdkOlvx,Tidak,Tidak,,,Tidak
piyambak.inc,Fashion,https://shope.ee/2VgZyHy0u5,Tidak,Tidak,,,Tidak
Porto Sendal,Fashion,https://s.shopee.co.id/5fiz2PF2nW,Tidak,Tidak,,,Tidak
Premiere Beatue,Beauty & Health,https://s.shopee.co.id/3LL5hcmPkv,Tidak,Tidak,,,Tidak
Purito,Beauty & Health,https://s.shopee.co.id/2VobYc7Zou,Tidak,Tidak,,,Tidak
Raja Karpet,Home & Living,https://shope.ee/4flP2atU2C,Tidak,Tidak,,,Tidak
Ratu Sprei,Home & Living,https://shope.ee/2B4syWfyI8,Tidak,Tidak,,,Tidak
Realfit,Tech,https://shope.ee/Vsp1eCS4K,Tidak,Tidak,,,Tidak
Realfood,Beauty & Health,https://shope.ee/709OcucT6F,Tidak,Tidak,,,Tidak
Revlon,Beauty & Health,https://shope.ee/AA615S9r4Y,Tidak,Tidak,,,Tidak
Rider,Fashion,https://shope.ee/4fiMqqscWO,Tidak,Tidak,,,Tidak
Roona,Beauty & Health,https://shope.ee/8AJZk9Zsc1,Tidak,Tidak,,,Tidak
Sari Lemon Lovita,Food & FMCG,https://shope.ee/60DPC6VIDX,Tidak,Tidak,,,Tidak
Seruni Living,Home & Living,https://shope.ee/4flE8LpV7g,Tidak,Tidak,,,Tidak
Skintific,Beauty & Health,https://shope.ee/1LX0jN7QhM,Tidak,Tidak,,,Tidak
Skintific,Beauty & Health,https://shope.ee/6Ktj13HzNs,Tidak,Tidak,,,Tidak
Softex,Beauty & Health,https://s.shopee.co.id/9AKOzEpyAJ,Tidak,Tidak,,,Tidak
Soulyu Beauty,Beauty & Health,https://shope.ee/2g0aeftKmy,Tidak,Tidak,,,Tidak
Spigen,Tech,https://s.shopee.co.id/8V7Z0eMJhz,Tidak,Tidak,,,Tidak
Stein,Home & Living,https://s.shopee.co.id/W5lQVTOdd,Tidak,Tidak,,,Tidak
Sumak Optima,Food & FMCG,https://shope.ee/9f8OwpWmkv,Tidak,Tidak,,,Tidak
Supergoat,Beauty & Health,https://s.shopee.co.id/9KUAcZRTd4,Tidak,Tidak,,,Tidak
Tempo Store,Beauty & Health,https://s.shopee.co.id/1gDqTeXza5,Tidak,Tidak,,,Tidak
Tempo Store,Beauty & Health,https://s.shopee.co.id/30k7i6BQcY,Tidak,Tidak,,,Tidak
Teratu Beauty,Beauty & Health,https://shope.ee/60GoAVM9xp,Tidak,Tidak,,,Tidak
Torch,Fashion,https://shope.ee/8fGrxWT0Kw,Tidak,Tidak,,,Tidak
Tusen New September,Home & Living,https://shope.ee/7AURHaQCRs,Tidak,Tidak,,,Tidak
ULTIMA II,Beauty & Health,https://shope.ee/BIV3sgmeY,Tidak,Tidak,,,Tidak
Unilever Indonesia,Beauty & Health,https://s.shopee.co.id/2LWNzgwFrq,Tidak,Tidak,,,Tidak
Unilever Indonesia,Beauty & Health,https://s.shopee.co.id/W5fr3eViH,Tidak,Tidak,,,Tidak
Vidoran,Mom & Baby,https://s.shopee.co.id/20qgbDJvja,Tidak,Tidak,,,Tidak
Wardah,Beauty & Health,https://s.shopee.co.id/9AMq3MlFoa,Tidak,Tidak,,,Tidak
Wings,Beauty & Health,https://s.shopee.co.id/5AnKMRjmxk,Tidak,Tidak,,,Tidak
Women Republic,Fashion,https://shope.ee/9UpmUBwYeh,Tidak,Tidak,,,Tidak
