Platform,Brand,Kategori,Komisi (%),Jumlah Tier,Punya Sample,Berlaku Hingga,SKU Baru,Special Live Price
TikTok Shop,Heasel,Beauty & Health,20,1,,,Tidak,Tidak
TikTok Shop,Oraimo,Tech,18,1,,,Tidak,Tidak
TikTok Shop,Daykit,Home & Living,16,1,,,Tidak,Tidak
TikTok Shop,Hairnerds,Beauty & Health,16,1,,,Tidak,Tidak
TikTok Shop,Whitelab,Beauty & Health,16,1,,,Tidak,Tidak
TikTok Shop,Aerostreet,Beauty & Health,15,1,,,Tidak,Tidak
TikTok Shop,Everwhite,Beauty & Health,15,1,,,Tidak,Tidak
TikTok Shop,Ginza,Beauty & Health,15,1,,,Tidak,Tidak
TikTok Shop,Goute,Beauty & Health,15,1,,,Tidak,Tidak
TikTok Shop,Kakimi,Tech,15,1,,,Tidak,Tidak
TikTok Shop,Laxasmart,Tech,15,1,,,Tidak,Tidak
TikTok Shop,Mistine,Beauty & Health,15,1,,,Tidak,Tidak
TikTok Shop,OMFU,Home & Living,15,1,,,Tidak,Tidak
TikTok Shop,Kojis Body Care,Beauty & Health,13,1,,,Tidak,Tidak
TikTok Shop,Makarizo,Beauty & Health,13,1,,,Tidak,Tidak
TikTok Shop,Monster Audio,Tech,13,1,,,Tidak,Tidak
TikTok Shop,Mystic Eyes Softlens,Beauty & Health,13,2,,,Tidak,Tidak
TikTok Shop,Oilyoung,Beauty & Health,13,1,,,Tidak,Tidak
TikTok Shop,Olay,Beauty & Health,13,1,,,Tidak,Tidak
TikTok Shop,Rose All Day (RAD),Beauty & Health,13,1,,,Tidak,Tidak
TikTok Shop,The Fenery,Beauty & Health,13,2,,,Tidak,Tidak
TikTok Shop,Aerostreet (Shirt),Fashion,12,1,,,Tidak,Tidak
TikTok Shop,AXIS-Y,Beauty & Health,12,1,,,Tidak,Tidak
TikTok Shop,Bagsmart,Fashion,12,1,Ya,,Tidak,Tidak
TikTok Shop,Brighty,Beauty & Health,12,1,,,Tidak,Tidak
TikTok Shop,chalonese,Beauty & Health,12,1,,,Tidak,Tidak
TikTok Shop,Dream Lashes,Beauty & Health,12,1,,,Tidak,Tidak
TikTok Shop,Emina (Paragon),Beauty & Health,12,1,,,Tidak,Tidak
TikTok Shop,Erha,Beauty & Health,12,1,,,Tidak,Tidak
TikTok Shop,G&Z Ladybags,Fashion,12,1,Ya,,Tidak,Tidak
TikTok Shop,Glow Better,Beauty & Health,12,1,,,Tidak,Tidak
TikTok Shop,Hale,Beauty & Health,12,1,,,Tidak,Tidak
TikTok Shop,Halo Fashion,Fashion,12,1,Ya,,Tidak,Tidak
TikTok Shop,Heyxi,Beauty & Health,12,1,,,Tidak,Tidak
TikTok Shop,JIB Indonesia,Home & Living,12,1,,,Tidak,Tidak
TikTok Shop,JJ Glow,Beauty & Health,12,1,,,Tidak,Tidak
TikTok Shop,Kime,Beauty & Health,12,2,,,Tidak,Tidak
TikTok Shop,Kymm Skin,Beauty & Health,12,2,,,Tidak,Tidak
TikTok Shop,Lash Boss,Beauty & Health,12,1,,,Tidak,Tidak
TikTok Shop,Les Catino,Fashion,12,1,Ya,,Tidak,Tidak
TikTok Shop,Loreal Hair,Beauty & Health,12,1,,,Tidak,Tidak
TikTok Shop,Loreal Main(Beauty),Beauty & Health,12,1,,,Tidak,Tidak
TikTok Shop,Maybelline,Beauty & Health,12,1,,,Tidak,Tidak
TikTok Shop,Metoo,Beauty & Health,12,1,,,Tidak,Tidak
TikTok Shop,No Void Minds,Fashion,12,1,,,Tidak,Tidak
TikTok Shop,otwoo,Beauty & Health,12,1,,,Tidak,Tidak
TikTok Shop,Porto Footwear,Fashion,12,1,Ya,,Tidak,Tidak
TikTok Shop,Premiere Beaute,Beauty & Health,12,1,,,Tidak,Tidak
TikTok Shop,Raecca,Beauty & Health,12,2,Ya,,Tidak,Tidak
TikTok Shop,Sculpt.id,Fashion,12,1,,,Tidak,Tidak
TikTok Shop,SINDA,Home & Living,12,1,,,Tidak,Tidak
TikTok Shop,Tavi (Paragon),Beauty & Health,12,1,,,Tidak,Tidak
TikTok Shop,The Pods,Tech,12,1,,,Tidak,Tidak
TikTok Shop,Amaterasun,Beauty & Health,11,1,,,Tidak,Tidak
TikTok Shop,Anker,Tech,11,1,,,Tidak,Tidak
TikTok Shop,Anua,Beauty & Health,11,1,,,Tidak,Tidak
TikTok Shop,Avoskin new list,Beauty & Health,11,1,,,Tidak,Tidak
TikTok Shop,Azure Star,Fashion,11,1,Ya,,Tidak,Tidak
TikTok Shop,Betadine,Beauty & Health,11,1,,,Tidak,Tidak
TikTok Shop,Case Sultan JRYU,Tech,11,1,,,Tidak,Tidak
TikTok Shop,CimolBojot.AA,Food & FMCG,11,1,,,Tidak,Tidak
TikTok Shop,Dear Me Beauty,Beauty & Health,11,1,,,Tidak,Tidak
TikTok Shop,Esqa,Beauty & Health,11,1,,,Tidak,Tidak
TikTok Shop,GREENEY,Fashion,11,1,Ya,,Tidak,Tidak
TikTok Shop,Hanasui,Beauty & Health,11,1,,,Tidak,Tidak
TikTok Shop,Harlette,Beauty & Health,11,1,,,Tidak,Tidak
TikTok Shop,Harmits Project (Waistbag),Fashion,11,1,,,Tidak,Tidak
TikTok Shop,Harumika,Home & Living,11,1,,,Tidak,Tidak
TikTok Shop,Herbloom,Beauty & Health,11,1,,,Tidak,Tidak
TikTok Shop,Illiyoon,Beauty & Health,11,1,,,Tidak,Tidak
TikTok Shop,Inbex,Tech,11,1,,,Tidak,Tidak
TikTok Shop,Innisfree,Beauty & Health,11,1,,,Tidak,Tidak
TikTok Shop,Iswhite,Beauty & Health,11,1,,,Tidak,Tidak
TikTok Shop,JACK.IDN,Fashion,11,1,Ya,,Tidak,Tidak
TikTok Shop,Jamay,Tech,11,1,,,Tidak,Tidak
TikTok Shop,Kallyoutfit (Fashion Wanita),Fashion,11,1,Ya,,Tidak,Tidak
TikTok Shop,Kojic,Beauty & Health,11,1,,,Tidak,Tidak
TikTok Shop,Kuda Laut Biru,Home & Living,11,1,,,Tidak,Tidak
TikTok Shop,LocknLock,Home & Living,11,1,,,Tidak,Tidak
TikTok Shop,LVK (Baju Anak),Fashion,11,1,,,Tidak,Tidak
TikTok Shop,Magister,Beauty & Health,11,1,,,Tidak,Tidak
TikTok Shop,Man of The Match,Fashion,11,1,Ya,,Tidak,Tidak
TikTok Shop,Minimalist,Beauty & Health,11,1,,,Tidak,Tidak
TikTok Shop,Mise en scene,Beauty & Health,11,1,,,Tidak,Tidak
TikTok Shop,MLAN,Beauty & Health,11,1,,,Tidak,Tidak
TikTok Shop,MLT,Beauty & Health,11,2,,,Tidak,Tidak
TikTok Shop,Nalandu,Fashion,11,1,,,Tidak,Tidak
TikTok Shop,Newlab,Beauty & Health,11,1,,,Tidak,Tidak
TikTok Shop,Nurilab,Beauty & Health,11,1,,,Tidak,Tidak
TikTok Shop,Onix,Beauty & Health,11,1,,,Tidak,Tidak
TikTok Shop,Onlyou,Beauty & Health,11,1,,,Tidak,Tidak
TikTok Shop,Ovale,Beauty & Health,11,1,,,Tidak,Tidak
TikTok Shop,Ownerjashujanraf,Fashion,11,1,,,Tidak,Tidak
TikTok Shop,Pigeon Teens,Beauty & Health,11,2,Ya,,Tidak,Tidak
TikTok Shop,Pramy,Beauty & Health,11,1,,,Tidak,Tidak
TikTok Shop,RAJA KARPET,Home & Living,11,1,,,Tidak,Tidak
TikTok Shop,Rapatech,Tech,11,1,,,Tidak,Tidak
TikTok Shop,Rifany Hijab,Fashion,11,1,,,Tidak,Tidak
TikTok Shop,Salsa Cosmetics,Beauty & Health,11,2,,,Tidak,Tidak
TikTok Shop,Sandy Collection,Home & Living,11,1,,,Tidak,Tidak
TikTok Shop,Skin1004,Beauty & Health,11,4,,,Tidak,Tidak
TikTok Shop,Somebymi,Beauty & Health,11,4,,,Tidak,Tidak
TikTok Shop,Sulwhasoo,Beauty & Health,11,1,,,Tidak,Tidak
TikTok Shop,This Is Your,Beauty & Health,11,1,,,Tidak,Tidak
TikTok Shop,Torch.id (Fashion Tas),Fashion,11,1,Ya,,Tidak,Tidak
TikTok Shop,Valentfashion88,Fashion,11,1,,,Tidak,Tidak
TikTok Shop,Yesplus,Tech,11,1,,,Tidak,Tidak
TikTok Shop,Advan Notebook,Tech,10,1,,,Tidak,Tidak
TikTok Shop,Aestetic Gift (Tumbler),Home & Living,10,1,,,Tidak,Tidak
TikTok Shop,Afish Underwear,Fashion,10,1,,,Tidak,Tidak
TikTok Shop,Alchemy,Beauty & Health,10,1,,,Tidak,Tidak
TikTok Shop,Animate,Beauty & Health,10,4,,,Tidak,Tidak
TikTok Shop,Azzura,Beauty & Health,10,1,,,Tidak,Tidak
TikTok Shop,Baisisi Bulumata,Beauty & Health,10,1,,,Tidak,Tidak
TikTok Shop,BRAVHOM,Home & Living,10,1,,,Tidak,Tidak
TikTok Shop,Carrie Koller,Fashion,10,1,Ya,,Tidak,Tidak
TikTok Shop,Civago,Home & Living,10,1,,,Tidak,Tidak
TikTok Shop,Cooger,Home & Living,10,1,,,Tidak,Tidak
TikTok Shop,CUCULEMON,Home & Living,10,1,,,Tidak,Tidak
TikTok Shop,Cypruz Kitchenware,Home & Living,10,1,,,Tidak,Tidak
TikTok Shop,Embryolisse,Beauty & Health,10,1,,,Tidak,Tidak
TikTok Shop,Erspo Official,Fashion,10,1,Ya,,Tidak,Tidak
TikTok Shop,Ferger,Beauty & Health,10,1,,,Tidak,Tidak
TikTok Shop,Freemir,Home & Living,10,1,,,Tidak,Tidak
TikTok Shop,Garnier,Beauty & Health,10,1,,,Tidak,Tidak
TikTok Shop,Glamera,Beauty & Health,10,1,,,Tidak,Tidak
TikTok Shop,Gloowbi,Beauty & Health,10,4,,,Tidak,Tidak
TikTok Shop,Goojodoq,Tech,10,1,,,Tidak,Tidak
TikTok Shop,Hair Inc,Beauty & Health,10,1,,,Tidak,Tidak
TikTok Shop,House of Ease,Fashion,10,1,Ya,,Tidak,Tidak
TikTok Shop,HYLE Clothing,Fashion,10,1,,,Tidak,Tidak
TikTok Shop,Jas Hujan Raf,Fashion,10,1,,,Tidak,Tidak
TikTok Shop,JIKSO.ID,Fashion,10,1,,,Tidak,Tidak
TikTok Shop,Jim's Honey Indonesia,Fashion,10,2,Ya,,Tidak,Tidak
TikTok Shop,JOYKO,Home & Living,10,1,,,Tidak,Tidak
TikTok Shop,Judydoll,Beauty & Health,10,1,,,Tidak,Tidak
TikTok Shop,Kikoya Snack,Food & FMCG,10,1,,,Tidak,Tidak
TikTok Shop,Laneige,Beauty & Health,10,1,,,Tidak,Tidak
TikTok Shop,Lotomoto,Home & Living,10,1,,,Tidak,Tidak
TikTok Shop,Luminetumblr77,Home & Living,10,1,,,Tidak,Tidak
TikTok Shop,Lunavee,Beauty & Health,10,2,,,Tidak,Tidak
TikTok Shop,Madame Gie,Beauty & Health,10,1,,,Tidak,Tidak
TikTok Shop,Mincol Koge,Fashion,10,1,,,Tidak,Tidak
TikTok Shop,Modofo Official Indonesia,Home & Living,10,1,,,Tidak,Tidak
TikTok Shop,MS Glow,Beauty & Health,10,3,,,Tidak,Tidak
TikTok Shop,Naisday Parfume,Beauty & Health,10,1,,,Tidak,Tidak
TikTok Shop,Nivea,Beauty & Health,10,2,,,Tidak,Tidak
TikTok Shop,Npure,Beauty & Health,10,1,,,Tidak,Tidak
TikTok Shop,PRETTYME,Beauty & Health,10,3,,,Tidak,Tidak
TikTok Shop,Rajagrosir Kit,Fashion,10,1,,,Tidak,Tidak
TikTok Shop,Reymeera Store,Fashion,10,1,,,Tidak,Tidak
TikTok Shop,Rider (Fashion Pria Dalaman),Fashion,10,1,Ya,,Tidak,Tidak
TikTok Shop,Scarlett,Beauty & Health,10,2,,,Tidak,Tidak
TikTok Shop,SKMEI,Tech,10,1,,,Tidak,Tidak
TikTok Shop,Slavina,Beauty & Health,10,1,Ya,,Tidak,Tidak
TikTok Shop,Toothbrush airuidu,Tech,10,1,,,Tidak,Tidak
TikTok Shop,Tulandut (Underwear Pria),Fashion,10,1,,,Tidak,Tidak
TikTok Shop,Tulandut (Underwear Wanita),Fashion,10,1,,,Tidak,Tidak
TikTok Shop,Vitalis,Beauty & Health,10,1,,,Tidak,Tidak
TikTok Shop,WAGMI (buku Leo_Geovanii),Tech,10,1,,,Tidak,Tidak
TikTok Shop,YOU (Hebe),Beauty & Health,10,1,,,Tidak,Tidak
TikTok Shop,Youware,Home & Living,10,1,,,Tidak,Tidak
TikTok Shop,Advance,Tech,9,1,,,Tidak,Tidak
TikTok Shop,Amilio House,Home & Living,9,1,,,Tidak,Tidak
TikTok Shop,Azarine,Beauty & Health,9,2,,,Tidak,Tidak
TikTok Shop,BARBER DAILY,Beauty & Health,9,1,,,Tidak,Tidak
TikTok Shop,Barenbliss (Hebe),Beauty & Health,9,4,,,Tidak,Tidak
TikTok Shop,Bluebutton,Fashion,9,1,Ya,,Tidak,Tidak
TikTok Shop,Capykit,Home & Living,9,1,,,Tidak,Tidak
TikTok Shop,Clear,Beauty & Health,9,1,,,Tidak,Tidak
TikTok Shop,Conley Shop,Food & FMCG,9,2,,,Tidak,Tidak
TikTok Shop,Corolla (Fashion Sepatu),Fashion,9,1,Ya,,Tidak,Tidak
TikTok Shop,Deoxide,Beauty & Health,9,1,,,Tidak,Tidak
TikTok Shop,DiliDili.Shop,Food & FMCG,9,2,,,Tidak,Tidak
TikTok Shop,Facetology,Beauty & Health,9,2,,,Tidak,Tidak
TikTok Shop,Gogotales,Beauty & Health,9,1,,,Tidak,Tidak
TikTok Shop,Golden Home Living,Home & Living,9,1,,,Tidak,Tidak
TikTok Shop,goojodoq store,Home & Living,9,1,,,Tidak,Tidak
TikTok Shop,Hadalabo,Beauty & Health,9,1,,,Tidak,Tidak
TikTok Shop,Harifa Batik (Seller Campaign),Fashion,9,1,Ya,,Tidak,Tidak
TikTok Shop,HNH,Beauty & Health,9,1,,,Tidak,Tidak
TikTok Shop,Homeware.hw,Home & Living,9,1,,,Tidak,Tidak
TikTok Shop,Labore(Paragon),Beauty & Health,9,1,,,Tidak,Tidak
TikTok Shop,Louis Store (Sama),Fashion,9,1,Ya,,Tidak,Tidak
TikTok Shop,Melano,Beauty & Health,9,1,,,Tidak,Tidak
TikTok Shop,Mercon Merah Putih,Food & FMCG,9,4,,,Tidak,Tidak
TikTok Shop,MITALI,Fashion,9,1,,,Tidak,Tidak
TikTok Shop,NCO Parfume,Beauty & Health,9,1,,,Tidak,Tidak
TikTok Shop,OMG(Paragon),Beauty & Health,9,1,,,Tidak,Tidak
TikTok Shop,Oversized Outfit Hub (Fashion Unisex condong Wanita),Fashion,9,1,Ya,,Tidak,Tidak
TikTok Shop,Pinkflash,Beauty & Health,9,1,,,Tidak,Tidak
TikTok Shop,Pol Perabot,Home & Living,9,1,,,Tidak,Tidak
TikTok Shop,Ponds,Beauty & Health,9,1,,,Tidak,Tidak
TikTok Shop,Roona.id,Beauty & Health,9,1,,,Tidak,Tidak
TikTok Shop,Russ and Co (Fashion Pria),Fashion,9,1,,,Tidak,Tidak
TikTok Shop,Scarlett Parfume,Beauty & Health,9,1,,,Tidak,Tidak
TikTok Shop,Scora,Beauty & Health,9,2,,,Tidak,Tidak
TikTok Shop,SeaGloca.ID (Fashion Tas),Fashion,9,1,Ya,,Tidak,Tidak
TikTok Shop,Skin Aqua,Beauty & Health,9,1,,,Tidak,Tidak
TikTok Shop,slide & co,Fashion,9,1,,,Tidak,Tidak
TikTok Shop,Stacey New,Beauty & Health,9,1,,,Tidak,Tidak
TikTok Shop,Tiktok Rumahku ID,Home & Living,9,1,,,Tidak,Tidak
TikTok Shop,Veet,Beauty & Health,9,1,,,Tidak,Tidak
TikTok Shop,Xora Hijab,Fashion,9,1,,,Tidak,Tidak
TikTok Shop,Acnes,Beauty & Health,8,1,,,Tidak,Tidak
TikTok Shop,BLP,Beauty & Health,8,1,,,Tidak,Tidak
TikTok Shop,BMW Kitchen,Home & Living,8,1,,,Tidak,Tidak
TikTok Shop,BOJ (Beauty of jeaoson),Beauty & Health,8,1,,,Tidak,Tidak
TikTok Shop,CANI (men),Fashion,8,1,,,Tidak,Tidak
TikTok Shop,CBD shampoo,Beauty & Health,8,1,,,Tidak,Tidak
TikTok Shop,Cubbie Shop,Home & Living,8,1,,,Tidak,Tidak
TikTok Shop,Dragonshop77,Home & Living,8,1,,,Tidak,Tidak
TikTok Shop,Earth Love Life (Paragon),Beauty & Health,8,1,,,Tidak,Tidak
TikTok Shop,Ecentio,Home & Living,8,1,,,Tidak,Tidak
TikTok Shop,EGLUX,Home & Living,8,1,,,Tidak,Tidak
TikTok Shop,elsheskin,Beauty & Health,8,1,,,Tidak,Tidak
TikTok Shop,Evangeline Perfume,Beauty & Health,8,2,,,Tidak,Tidak
TikTok Shop,Finally Found You (FFY),Beauty & Health,8,3,,,Tidak,Tidak
TikTok Shop,Franwell V380 CCTV,Tech,8,1,,,Tidak,Tidak
TikTok Shop,Gehel,Food & FMCG,8,1,,,Tidak,Tidak
TikTok Shop,Glad2Glow,Beauty & Health,8,6,,,Tidak,Tidak
TikTok Shop,Glow FX,Beauty & Health,8,2,,,Tidak,Tidak
TikTok Shop,Goto Living,Home & Living,8,1,,,Tidak,Tidak
TikTok Shop,Hale Parfume,Beauty & Health,8,1,,,Tidak,Tidak
TikTok Shop,Haocek,Beauty & Health,8,1,,,Tidak,Tidak
TikTok Shop,Happy Family Storee,Home & Living,8,1,,,Tidak,Tidak
TikTok Shop,Hint,Beauty & Health,8,1,,,Tidak,Tidak
TikTok Shop,Hyundai Shaver,Tech,8,1,,,Tidak,Tidak
TikTok Shop,Implora,Beauty & Health,8,1,,,Tidak,Tidak
TikTok Shop,KIIP Lifestyle,Tech,8,1,,,Tidak,Tidak
TikTok Shop,LIBY,Home & Living,8,1,,,Tidak,Tidak
TikTok Shop,Lightplus,Beauty & Health,8,1,,,Tidak,Tidak
TikTok Shop,Lip Ice,Beauty & Health,8,1,,,Tidak,Tidak
TikTok Shop,Maange,Beauty & Health,8,1,,,Tidak,Tidak
TikTok Shop,Madia Kitchenware,Home & Living,8,1,,,Tidak,Tidak
TikTok Shop,Majestic Karpet,Home & Living,8,1,,,Tidak,Tidak
TikTok Shop,MARS Store,Home & Living,8,1,,,Tidak,Tidak
TikTok Shop,MAXIM,Home & Living,8,1,,,Tidak,Tidak
TikTok Shop,MINISO,Beauty & Health,8,1,,,Tidak,Tidak
TikTok Shop,Miranda,Beauty & Health,8,1,,,Tidak,Tidak
TikTok Shop,MOMELCA,Fashion,8,1,Ya,,Tidak,Tidak
TikTok Shop,Morris,Beauty & Health,8,2,,,Tidak,Tidak
TikTok Shop,Nuface,Beauty & Health,8,1,,,Tidak,Tidak
TikTok Shop,Olike,Tech,8,1,,,Tidak,Tidak
TikTok Shop,OMI lunchbox,Home & Living,8,1,,,Tidak,Tidak
TikTok Shop,PURBASARI,Beauty & Health,8,1,,,Tidak,Tidak
TikTok Shop,PURBASARI (2.0),Beauty & Health,8,1,,,Tidak,Tidak
TikTok Shop,River Light,Home & Living,8,1,,,Tidak,Tidak
TikTok Shop,Rusel.Co (Fashion Tas Pria),Fashion,8,1,Ya,,Tidak,Tidak
TikTok Shop,Samono Indonesia,Home & Living,8,1,,,Tidak,Tidak
TikTok Shop,Secret Clean,Beauty & Health,8,1,,,Tidak,Tidak
TikTok Shop,Skin Game,Beauty & Health,8,1,,,Tidak,Tidak
TikTok Shop,Skintific,Beauty & Health,8,6,,,Tidak,Tidak
TikTok Shop,Suprice Store,Home & Living,8,1,,,Tidak,Tidak
TikTok Shop,Swisse vitamin- Indonesia,Beauty & Health,8,1,,,Tidak,Tidak
TikTok Shop,The originote,Beauty & Health,8,1,,,Tidak,Tidak
TikTok Shop,Torriden,Beauty & Health,8,1,,,Tidak,Tidak
TikTok Shop,Usmile,Beauty & Health,8,1,,,Tidak,Tidak
TikTok Shop,XMVP,Home & Living,8,1,,,Tidak,Tidak
TikTok Shop,YESALL,Home & Living,8,1,,,Tidak,Tidak
TikTok Shop,Zinus Indonesia,Home & Living,8,1,,,Tidak,Tidak
TikTok Shop,3CE,Beauty & Health,7,1,,,Tidak,Tidak
TikTok Shop,Acento,Home & Living,7,1,,,Tidak,Tidak
TikTok Shop,Advance Store,Home & Living,7,1,,,Tidak,Tidak
TikTok Shop,Aolon,Tech,7,1,,,Tidak,Tidak
TikTok Shop,AOYAMA,Home & Living,7,1,,,Tidak,Tidak
TikTok Shop,Baseus,Tech,7,1,,,Tidak,Tidak
TikTok Shop,BONBOX,Home & Living,7,1,,,Tidak,Tidak
TikTok Shop,Braven,Beauty & Health,7,1,,,Tidak,Tidak
TikTok Shop,Buttered,Beauty & Health,7,1,,,Tidak,Tidak
TikTok Shop,Cerave,Beauty & Health,7,2,,,Tidak,Tidak
TikTok Shop,Charm Unicharm,Food & FMCG,7,1,,,Tidak,Tidak
TikTok Shop,CPM,Home & Living,7,1,,,Tidak,Tidak
TikTok Shop,Dasterbeauty,Fashion,7,1,Ya,,Tidak,Tidak
TikTok Shop,Dazzle me,Beauty & Health,7,1,,,Tidak,Tidak
TikTok Shop,Dazzle Me (Hebe),Beauty & Health,7,1,,,Tidak,Tidak
TikTok Shop,ETIFE,Home & Living,7,1,,,Tidak,Tidak
TikTok Shop,Facerinna,Beauty & Health,7,2,,,Tidak,Tidak
TikTok Shop,For Love & Lemons,Fashion,7,1,,,Tidak,Tidak
TikTok Shop,Gaabor,Home & Living,7,1,,,Tidak,Tidak
TikTok Shop,Glamazing,Beauty & Health,7,1,,,Tidak,Tidak
TikTok Shop,Herborist,Beauty & Health,7,1,,,Tidak,Tidak
TikTok Shop,KAHI,Beauty & Health,7,2,,,Tidak,Tidak
TikTok Shop,Lacera,Beauty & Health,7,1,,,Tidak,Tidak
TikTok Shop,Lauskin,Beauty & Health,7,1,,,Tidak,Tidak
TikTok Shop,LeDingDing,Home & Living,7,2,,,Tidak,Tidak
TikTok Shop,Lifree Unicharm,Food & FMCG,7,1,,,Tidak,Tidak
TikTok Shop,LRP / La Roche Posay,Beauty & Health,7,2,,,Tidak,Tidak
TikTok Shop,MAHI Buavita,Food & FMCG,7,1,,,Tidak,Tidak
TikTok Shop,MAHI Royco,Food & FMCG,7,1,,,Tidak,Tidak
TikTok Shop,MAHI Sariwangi,Food & FMCG,7,1,,,Tidak,Tidak
TikTok Shop,MINISO (HL),Home & Living,7,1,,,Tidak,Tidak
TikTok Shop,Mukena Aminah,Fashion,7,1,Ya,,Tidak,Tidak
TikTok Shop,PERO Indonesia,Home & Living,7,1,,,Tidak,Tidak
TikTok Shop,Porto X,Fashion,7,1,Ya,,Tidak,Tidak
TikTok Shop,Rituals Food,Food & FMCG,7,1,,,Tidak,Tidak
TikTok Shop,Samonomart.id,Home & Living,7,1,,,Tidak,Tidak
TikTok Shop,Scentplus,Beauty & Health,7,1,,,Tidak,Tidak
TikTok Shop,Seaways,Home & Living,7,1,,,Tidak,Tidak
TikTok Shop,Somethinc,Beauty & Health,7,1,,,Tidak,Tidak
TikTok Shop,Timephoria,Beauty & Health,7,1,,,Tidak,Tidak
TikTok Shop,TORRAS,Tech,7,1,,,Tidak,Tidak
TikTok Shop,Tresemme,Beauty & Health,7,1,,,Tidak,Tidak
TikTok Shop,UCLOUDSOME,Home & Living,7,1,,,Tidak,Tidak
TikTok Shop,Ugreen,Tech,7,1,,,Tidak,Tidak
TikTok Shop,Unitwo.id,Home & Living,7,1,,,Tidak,Tidak
TikTok Shop,Whiteinc,Beauty & Health,7,3,,,Tidak,Tidak
TikTok Shop,YNM,Beauty & Health,7,1,,,Tidak,Tidak
TikTok Shop,ZOOZY,Fashion,7,1,Ya,,Tidak,Tidak
TikTok Shop,Altri Kids,Fashion,6,1,,,Tidak,Tidak
TikTok Shop,Altri Women,Fashion,6,1,,,Tidak,Tidak
TikTok Shop,Baby Bombbear,Fashion,6,1,,,Tidak,Tidak
TikTok Shop,Bardi,Tech,6,1,,,Tidak,Tidak
TikTok Shop,Casellla Apparell,Fashion,6,1,,,Tidak,Tidak
TikTok Shop,CUIT BABYWEAR,Fashion,6,1,Ya,,Tidak,Tidak
TikTok Shop,D'Alba,Beauty & Health,6,1,,,Tidak,Tidak
TikTok Shop,Deviling,Home & Living,6,1,,,Tidak,Tidak
TikTok Shop,DYSON,Home & Living,6,1,,,Tidak,Tidak
TikTok Shop,Focalure,Beauty & Health,6,1,,,Tidak,Tidak
TikTok Shop,Gain Yum,Food & FMCG,6,2,,,Tidak,Tidak
TikTok Shop,Haji Salman Mukena Crinkle,Fashion,6,1,,,Tidak,Tidak
TikTok Shop,Huafit,Tech,6,1,,,Tidak,Tidak
TikTok Shop,Jisulife,Tech,6,1,,,Tidak,Tidak
TikTok Shop,Living Mall Store,Home & Living,6,1,,,Tidak,Tidak
TikTok Shop,Lozy Hijab,Fashion,6,1,Ya,,Tidak,Tidak
TikTok Shop,Luxcrime,Beauty & Health,6,1,,,Tidak,Tidak
TikTok Shop,MAHI Bango,Food & FMCG,6,1,,,Tidak,Tidak
TikTok Shop,MASTAP.ID,Home & Living,6,1,,,Tidak,Tidak
TikTok Shop,Moderno Houseware,Home & Living,6,1,,,Tidak,Tidak
TikTok Shop,Moell,Mom & Baby,6,1,,,Tidak,Tidak
TikTok Shop,NEW Cooger,Home & Living,6,1,,,Tidak,Tidak
TikTok Shop,OHSOME!,Home & Living,6,1,,,Tidak,Tidak
TikTok Shop,QME,Home & Living,6,1,,,Tidak,Tidak
TikTok Shop,SAGI,Fashion,6,1,,,Tidak,Tidak
TikTok Shop,SEMUT BERSIH,Home & Living,6,1,,,Tidak,Tidak
TikTok Shop,The Plaze,Home & Living,6,1,,,Tidak,Tidak
TikTok Shop,Tirtir,Beauty & Health,6,1,,,Tidak,Tidak
TikTok Shop,Tomitaofficial,Home & Living,6,1,,,Tidak,Tidak
TikTok Shop,Unilever (Zwitsal),Beauty & Health,6,1,,,Tidak,Tidak
TikTok Shop,Vela Market Tissue,Food & FMCG,6,1,,,Tidak,Tidak
TikTok Shop,Vivan,Tech,6,1,,,Tidak,Tidak
TikTok Shop,WOSADO,Beauty & Health,6,2,,,Tidak,Tidak
TikTok Shop,Biore,Beauty & Health,5,1,,,Tidak,Tidak
TikTok Shop,Blackmores,Beauty & Health,5,2,,,Tidak,Tidak
TikTok Shop,Cetaphil,Beauty & Health,5,1,,,Tidak,Tidak
TikTok Shop,GM Bear,Home & Living,5,1,,,Tidak,Tidak
TikTok Shop,Gudang Tas Berkualitas (Fashion Tas),Fashion,5,1,,,Tidak,Tidak
TikTok Shop,Instaperfect (Paragon),Beauty & Health,5,1,Ya,,Tidak,Tidak
TikTok Shop,Jacquelle,Beauty & Health,5,1,,,Tidak,Tidak
TikTok Shop,Kintakun,Home & Living,5,1,,,Tidak,Tidak
TikTok Shop,Lulu Jeans,Fashion,5,1,,,Tidak,Tidak
TikTok Shop,MODISH.Indonesia,Fashion,5,1,,,Tidak,Tidak
TikTok Shop,Mosseru,Beauty & Health,5,1,,,Tidak,Tidak
TikTok Shop,OKAYAMA,Home & Living,5,1,,,Tidak,Tidak
TikTok Shop,Sanvanina (Jogger & Polo),Fashion,5,1,,,Tidak,Tidak
TikTok Shop,Simplus,Home & Living,5,1,,,Tidak,Tidak
TikTok Shop,Tweelyforbag,Fashion,5,1,,,Tidak,Tidak
TikTok Shop,Airbot,Tech,4,1,,,Tidak,Tidak
TikTok Shop,Becoming,Beauty & Health,4,1,,,Tidak,Tidak
TikTok Shop,Dove,Beauty & Health,4,1,,,Tidak,Tidak
TikTok Shop,Makeover,Beauty & Health,4,1,,,Tidak,Tidak
TikTok Shop,Merries Indonesia,Mom & Baby,4,1,,,Tidak,Tidak
TikTok Shop,Unilever (Dove),Beauty & Health,4,1,,,Tidak,Tidak
TikTok Shop,Vaseline,Beauty & Health,4,1,,,Tidak,Tidak
TikTok Shop,Wardah (Paragon),Beauty & Health,4,1,,,Tidak,Tidak
TikTok Shop,Gmeelan,Beauty & Health,3,1,,,Tidak,Tidak
TikTok Shop,Huawei Pad,Tech,3,1,,,Tidak,Tidak
TikTok Shop,Huawei Wearable,Tech,3,1,,,Tidak,Tidak
TikTok Shop,INTHEBOX,Home & Living,3,1,,,Tidak,Tidak
TikTok Shop,Pose,Fashion,3,2,,,Tidak,Tidak
TikTok Shop,Unilever (Lifebouy),Beauty & Health,3,1,,,Tidak,Tidak
TikTok Shop,Unilever (LUX),Beauty & Health,3,1,,,Tidak,Tidak
TikTok Shop,Advan,Tech,2,1,,,Tidak,Tidak
TikTok Shop,Changqong,Home & Living,2,1,,,Tidak,Tidak
TikTok Shop,Diamond & Co,Fashion,2,1,,,Tidak,Tidak
TikTok Shop,Infinix,Tech,2,1,,,Tidak,Tidak
TikTok Shop,ITEL,Tech,2,1,,,Tidak,Tidak
TikTok Shop,Mamypoko Unicharm,Food & FMCG,2,1,,,Tidak,Tidak
TikTok Shop,Motorola,Tech,2,1,,,Tidak,Tidak
TikTok Shop,Oppo,Tech,2,1,,,Tidak,Tidak
TikTok Shop,TECNO,Tech,2,1,,,Tidak,Tidak
TikTok Shop,Unicharm Official,Food & FMCG,2,1,,,Tidak,Tidak
TikTok Shop,Agres ID Bogor,Tech,1,1,,,Tidak,Tidak
TikTok Shop,Bintangempat,Tech,1,1,,,Tidak,Tidak
TikTok Shop,F&B NDSTOREMDN,Food & FMCG,1,1,,,Tidak,Tidak
TikTok Shop,FMCG NDSTOREMDN,Food & FMCG,1,1,,,Tidak,Tidak
TikTok Shop,KedaiMart,Food & FMCG,1,1,,,Tidak,Tidak
TikTok Shop,Nazura Mart & Sakura Store,Food & FMCG,1,1,,,Tidak,Tidak
TikTok Shop,Vivo,Tech,1,1,,,Tidak,Tidak
TikTok Shop,Xiaomi,Tech,1,1,,,Tidak,Tidak
TikTok Shop,Dorskin,Beauty & Health,,1,,,Tidak,Tidak
TikTok Shop,gladtoglow,Beauty & Health,,1,,,Tidak,Tidak
TikTok Shop,Kahf(Paragon),Beauty & Health,,2,,,Tidak,Tidak
TikTok Shop,SEPATUCANI/CANIKOREA,Fashion,,1,Ya,,Tidak,Tidak
TikTok Shop,sunsilk,Beauty & Health,,1,,,Tidak,Tidak
Shopee Affiliate,2R & Memey Cosmetic,Beauty & Health,,1,Ya,,Tidak,Ya
Shopee Affiliate,Abbott,Mom & Baby,,1,Ya,,Tidak,Ya
Shopee Affiliate,Acome,Tech,,1,Ya,,Tidak,Ya
Shopee Affiliate,Advance,Tech,,1,Ya,,Tidak,Ya
Shopee Affiliate,Aeris,Beauty & Health,,1,Ya,,Tidak,Ya
Shopee Affiliate,Aitu,Tech,,1,Ya,,Tidak,Ya
Shopee Affiliate,All Perfect,Beauty & Health,,1,Ya,,Tidak,Ya
Shopee Affiliate,Alunicorn,Fashion,,1,Ya,,Tidak,Ya
Shopee Affiliate,Amaterasun,Beauty & Health,,1,Ya,,Tidak,Ya
Shopee Affiliate,AmorePacific,Beauty & Health,,1,Ya,,Tidak,Ya
Shopee Affiliate,Animate,Beauty & Health,,1,Ya,,Tidak,Ya
Shopee Affiliate,Anua,Beauty & Health,,1,Ya,,Tidak,Ya
Shopee Affiliate,Aoera Indonesia,Beauty & Health,,1,Ya,,Tidak,Ya
Shopee Affiliate,Asoka,Fashion,,1,Ya,,Tidak,Ya
Shopee Affiliate,Asta Homeware,Tech,,1,Ya,,Tidak,Ya
Shopee Affiliate,ASTHIN,Mom & Baby,,1,Ya,,Tidak,Ya
Shopee Affiliate,Autumn,Beauty & Health,,1,Ya,,Tidak,Ya
Shopee Affiliate,AXIS-Y,Beauty & Health,,1,Ya,,Tidak,Ya
Shopee Affiliate,Azarine,Beauty & Health,,1,Ya,,Tidak,Ya
Shopee Affiliate,Baisisi,Beauty & Health,,1,Ya,,Tidak,Ya
Shopee Affiliate,Baltikh,Beauty & Health,,1,Ya,,Tidak,Ya
Shopee Affiliate,Barber Daily,Beauty & Health,,1,Ya,,Tidak,Ya
Shopee Affiliate,Barsten,Beauty & Health,,1,Ya,,Tidak,Ya
Shopee Affiliate,Baseus,Tech,,2,Ya,,Tidak,Ya
Shopee Affiliate,Beauty Of Joseon,Beauty & Health,,1,Ya,,Tidak,Ya
Shopee Affiliate,Bebiotic,Mom & Baby,,1,Ya,,Tidak,Ya
Shopee Affiliate,Belia Cosmetic,Beauty & Health,,1,Ya,,Tidak,Ya
Shopee Affiliate,Beplain,Beauty & Health,,1,Ya,,Tidak,Ya
Shopee Affiliate,BHUMI,Beauty & Health,,1,Ya,,Tidak,Ya
Shopee Affiliate,Biodef,Beauty & Health,,1,Ya,,Tidak,Ya
Shopee Affiliate,Biolage,Beauty & Health,,1,Ya,,Tidak,Ya
Shopee Affiliate,BIYU,Beauty & Health,,1,Ya,,Tidak,Ya
Shopee Affiliate,Bizarre,Beauty & Health,,1,Ya,,Tidak,Ya
Shopee Affiliate,BLP Beauty,Beauty & Health,,1,Ya,,Tidak,Ya
Shopee Affiliate,Bob & Frou,Beauty & Health,,1,Ya,,Tidak,Ya
Shopee Affiliate,Bodimax,Tech,,1,Ya,,Tidak,Ya
Shopee Affiliate,Bonavie,Beauty & Health,,1,Ya,,Tidak,Ya
Shopee Affiliate,Bonbox,Home & Living,,3,Ya,,Tidak,Ya
Shopee Affiliate,Bravhom,Tech,,1,Ya,,Tidak,Ya
Shopee Affiliate,BukuAgen Store,Tech,,1,Ya,,Tidak,Ya
Shopee Affiliate,Buttered,Beauty & Health,,1,Ya,,Tidak,Ya
Shopee Affiliate,Calluna,Beauty & Health,,1,Ya,,Tidak,Ya
Shopee Affiliate,CARESO,Beauty & Health,,1,Ya,,Tidak,Ya
Shopee Affiliate,Cave,Beauty & Health,,1,Ya,,Tidak,Ya
Shopee Affiliate,CBD Haircare,Beauty & Health,,1,Ya,,Tidak,Ya
Shopee Affiliate,CeraVe,Beauty & Health,,1,Ya,,Tidak,Ya
Shopee Affiliate,Cespedia,Fashion,,1,Ya,,Tidak,Ya
Shopee Affiliate,Cetaphil,Beauty & Health,,2,Ya,,Tidak,Ya
Shopee Affiliate,CICIDO Indonesia,Home & Living,,1,Ya,,Tidak,Ya
Shopee Affiliate,Cleora Beauty,Beauty & Health,,1,Ya,,Tidak,Ya
Shopee Affiliate,Clorismen,Beauty & Health,,1,Ya,,Tidak,Ya
Shopee Affiliate,Colgate,Beauty & Health,,1,Ya,,Tidak,Ya
Shopee Affiliate,COOGER,Home & Living,,2,Ya,,Tidak,Ya
Shopee Affiliate,Cool Vita,Mom & Baby,,1,Ya,,Tidak,Ya
Shopee Affiliate,Coppera,Beauty & Health,,1,Ya,,Tidak,Ya
Shopee Affiliate,CRUSITA,Beauty & Health,,1,Ya,,Tidak,Ya
Shopee Affiliate,Crystallure,Beauty & Health,,1,Ya,,Tidak,Ya
Shopee Affiliate,Cubbie,Home & Living,,1,Ya,,Tidak,Ya
Shopee Affiliate,Curcuma Plus,Mom & Baby,,1,Ya,,Tidak,Ya
Shopee Affiliate,Dentix,Beauty & Health,,1,Ya,,Tidak,Ya
Shopee Affiliate,Deorex New Juni 2025,Beauty & Health,,1,Ya,,Tidak,Ya
Shopee Affiliate,Dexter Indonesia,Mom & Baby,,1,Ya,,Tidak,Ya
Shopee Affiliate,Docare,Beauty & Health,,1,Ya,,Tidak,Ya
Shopee Affiliate,Doexide,Beauty & Health,,1,Ya,,Tidak,Ya
Shopee Affiliate,Dorskin,Beauty & Health,,1,Ya,,Tidak,Ya
Shopee Affiliate,Dr.beemed,Beauty & Health,,1,Ya,,Tidak,Ya
Shopee Affiliate,Ecentio,Home & Living,,2,Ya,,Tidak,Ya
Shopee Affiliate,Ellara,Home & Living,,1,Ya,,Tidak,Ya
Shopee Affiliate,Eloi Coco,Beauty & Health,,1,Ya,,Tidak,Ya
Shopee Affiliate,ElsheSkin,Beauty & Health,,1,Ya,,Tidak,Ya
Shopee Affiliate,Elvicto Perfume,Beauty & Health,,1,Ya,,Tidak,Ya
Shopee Affiliate,Elvicto Skincare,Beauty & Health,,1,Ya,,Tidak,Ya
Shopee Affiliate,Embryolisse,Beauty & Health,,1,Ya,,Tidak,Ya
Shopee Affiliate,Emina,Beauty & Health,,1,Ya,,Tidak,Ya
Shopee Affiliate,ENCHEN,Tech,,1,Ya,,Tidak,Ya
Shopee Affiliate,ERHA Acneact,Beauty & Health,,1,Ya,,Tidak,Ya
Shopee Affiliate,ERHA STORE,Beauty & Health,,1,Ya,,Tidak,Ya
Shopee Affiliate,ERHA TRUWHITE,Beauty & Health,,1,Ya,,Tidak,Ya
Shopee Affiliate,ERTO'S,Beauty & Health,,1,Ya,,Tidak,Ya
Shopee Affiliate,ESQA Cosmetics,Beauty & Health,,1,Ya,,Tidak,Ya
Shopee Affiliate,Etude,Beauty & Health,,1,Ya,,Tidak,Ya
Shopee Affiliate,Everpure,Beauty & Health,,1,Ya,,Tidak,Ya
Shopee Affiliate,Everwhite,Beauty & Health,,1,Ya,,Tidak,Ya
Shopee Affiliate,Expert Boost,Mom & Baby,,1,Ya,,Tidak,Ya
Shopee Affiliate,Expert Care,Mom & Baby,,2,Ya,,Tidak,Ya
Shopee Affiliate,Eze Nails,Beauty & Health,,1,Ya,,Tidak,Ya
Shopee Affiliate,Facetology,Beauty & Health,,1,Ya,,Tidak,Ya
Shopee Affiliate,Finally Found You,Beauty & Health,,3,Ya,,Tidak,Ya
Shopee Affiliate,freemir,Home & Living,,1,Ya,,Tidak,Ya
Shopee Affiliate,freemir Electric,Home & Living,,1,Ya,,Tidak,Ya
Shopee Affiliate,freemir Original Store,Home & Living,,1,Ya,,Tidak,Ya
Shopee Affiliate,FSS For Skin Sake,Beauty & Health,,1,Ya,,Tidak,Ya
Shopee Affiliate,Gendes,Beauty & Health,,1,Ya,,Tidak,Ya
Shopee Affiliate,Glam Shine Cosmetics,Beauty & Health,,1,Ya,,Tidak,Ya
Shopee Affiliate,Glamazing,Beauty & Health,,1,Ya,,Tidak,Ya
Shopee Affiliate,Gloowbi,Beauty & Health,,1,Ya,,Tidak,Ya
Shopee Affiliate,Goute,Beauty & Health,,1,Ya,,Tidak,Ya
Shopee Affiliate,GRENEY,Fashion,,1,Ya,,Tidak,Ya
Shopee Affiliate,Guele,Beauty & Health,,1,Ya,,Tidak,Ya
Shopee Affiliate,Haibuna,Beauty & Health,,1,Ya,,Tidak,Ya
Shopee Affiliate,Hairmony,Beauty & Health,,1,Ya,,Tidak,Ya
Shopee Affiliate,Hairnerds,Beauty & Health,,1,Ya,,Tidak,Ya
Shopee Affiliate,HaloFashion,Fashion,,1,Ya,,Tidak,Ya
Shopee Affiliate,Han River,Home & Living,,5,Ya,,Tidak,Ya
Shopee Affiliate,Hanasui,Beauty & Health,,1,Ya,,Tidak,Ya
Shopee Affiliate,Haveltea,Food & FMCG,,1,Ya,,Tidak,Ya
Shopee Affiliate,Heefn,Home & Living,,1,Ya,,Tidak,Ya
Shopee Affiliate,Herborist,Beauty & Health,,1,Ya,,Tidak,Ya
Shopee Affiliate,Himalaya,Beauty & Health,,1,Ya,,Tidak,Ya
Shopee Affiliate,HINT New November,Beauty & Health,,1,Ya,,Tidak,Ya
Shopee Affiliate,Hogasan,Home & Living,,1,Ya,,Tidak,Ya
Shopee Affiliate,HONOR,Tech,,1,Ya,,Tidak,Ya
Shopee Affiliate,IMBOOST,Mom & Baby,,1,Ya,,Tidak,Ya
Shopee Affiliate,INBEX,Tech,,1,Ya,,Tidak,Ya
Shopee Affiliate,Innisfree,Beauty & Health,,2,Ya,,Tidak,Ya
Shopee Affiliate,Instaperfect,Beauty & Health,,1,Ya,,Tidak,Ya
Shopee Affiliate,IOK Indonesia,Fashion,,1,Ya,,Tidak,Ya
Shopee Affiliate,ISWHITE,Beauty & Health,,1,Ya,,Tidak,Ya
Shopee Affiliate,ITEL,Tech,,2,Ya,,Tidak,Ya
Shopee Affiliate,ITEL Tangerang,Tech,,1,Ya,,Tidak,Ya
Shopee Affiliate,JINISO,Fashion,,1,Ya,,Tidak,Ya
Shopee Affiliate,Judydoll,Beauty & Health,,1,Ya,,Tidak,Ya
Shopee Affiliate,Kafamilk,Food & FMCG,,1,Ya,,Tidak,Ya
Shopee Affiliate,Kahf,Beauty & Health,,1,Ya,,Tidak,Ya
Shopee Affiliate,KEELAT,Tech,,1,Ya,,Tidak,Ya
Shopee Affiliate,KiiP,Tech,,3,Ya,,Tidak,Ya
Shopee Affiliate,Kime Skincare,Beauty & Health,,1,Ya,,Tidak,Ya
Shopee Affiliate,Kintakun,Home & Living,,1,Ya,,Tidak,Ya
Shopee Affiliate,KKTOP,Fashion,,1,Ya,,Tidak,Ya
Shopee Affiliate,KLINBOS,Home & Living,,1,Ya,,Tidak,Ya
Shopee Affiliate,KOERx,Beauty & Health,,1,Ya,,Tidak,Ya
Shopee Affiliate,KYMM SKIN,Beauty & Health,,2,Ya,,Tidak,Ya
Shopee Affiliate,L'Oreal Paris Indonesia,Beauty & Health,,2,Ya,,Tidak,Ya
Shopee Affiliate,L'Oréal Professionnel,Beauty & Health,,1,Ya,,Tidak,Ya
Shopee Affiliate,La Roche Posay,Beauty & Health,,2,Ya,,Tidak,Ya
Shopee Affiliate,Labore,Beauty & Health,,1,Ya,,Tidak,Ya
Shopee Affiliate,Lacoco,Beauty & Health,,1,Ya,,Tidak,Ya
Shopee Affiliate,Lancome,Beauty & Health,,1,Ya,,Tidak,Ya
Shopee Affiliate,Laneige,Beauty & Health,,1,Ya,,Tidak,Ya
Shopee Affiliate,Lashboss,Beauty & Health,,1,Ya,,Tidak,Ya
Shopee Affiliate,Laushine Beauty,Beauty & Health,,1,Ya,,Tidak,Ya
Shopee Affiliate,Lavees Cosmedics,Beauty & Health,,1,Ya,,Tidak,Ya
Shopee Affiliate,Lencir Indonesia,Beauty & Health,,1,Ya,,Tidak,Ya
Shopee Affiliate,LIBY,Home & Living,,1,Ya,,Tidak,Ya
Shopee Affiliate,Lozy Hijab,Fashion,,1,Ya,,Tidak,Ya
Shopee Affiliate,Lunavee Indonesia,Beauty & Health,,1,Ya,,Tidak,Ya
Shopee Affiliate,Make Over,Beauty & Health,,2,Ya,,Tidak,Ya
Shopee Affiliate,Mallia,Beauty & Health,,1,Ya,,Tidak,Ya
Shopee Affiliate,Matrix ID,Beauty & Health,,1,Ya,,Tidak,Ya
Shopee Affiliate,Milittle Things,Beauty & Health,,1,Ya,,Tidak,Ya
Shopee Affiliate,Mine Perfumery,Beauty & Health,,1,Ya,,Tidak,Ya
Shopee Affiliate,MINISO,Beauty & Health,,3,Ya,,Tidak,Ya
Shopee Affiliate,MINISO TOY,Home & Living,,1,Ya,,Tidak,Ya
Shopee Affiliate,Mirael,Beauty & Health,,1,Ya,,Tidak,Ya
Shopee Affiliate,Miranda Hair Care,Beauty & Health,,1,Ya,,Tidak,Ya
Shopee Affiliate,Mirror Space,Tech,,1,Ya,,Tidak,Ya
Shopee Affiliate,Mito Electronic,Home & Living,,1,Ya,,Tidak,Ya
Shopee Affiliate,MIXIO,Home & Living,,1,Ya,,Tidak,Ya
Shopee Affiliate,MLEN Diary,Beauty & Health,,2,Ya,,Tidak,Ya
Shopee Affiliate,mnccosmetic,Beauty & Health,,1,Ya,,Tidak,Ya
Shopee Affiliate,Moell,Mom & Baby,,2,Ya,,Tidak,Ya
Shopee Affiliate,Mom Uung,Mom & Baby,,1,Ya,,Tidak,Ya
Shopee Affiliate,Momami,Mom & Baby,,1,Ya,,Tidak,Ya
Shopee Affiliate,Momelca Fashion,Fashion,,1,Ya,,Tidak,Ya
Shopee Affiliate,Mossèru,Beauty & Health,,1,Ya,,Tidak,Ya
Shopee Affiliate,Mother of Pearl,Beauty & Health,,2,Ya,,Tidak,Ya
Shopee Affiliate,Motorola,Tech,,2,Ya,,Tidak,Ya
Shopee Affiliate,MS Glow For Men,Beauty & Health,,1,Ya,,Tidak,Ya
Shopee Affiliate,My Baby,Mom & Baby,,1,Ya,,Tidak,Ya
Shopee Affiliate,Naavagreen,Beauty & Health,,1,Ya,,Tidak,Ya
Shopee Affiliate,Naisday,Beauty & Health,,1,Ya,,Tidak,Ya
Shopee Affiliate,Najwa Fashion,Fashion,,1,Ya,,Tidak,Ya
Shopee Affiliate,Natasha Skincare,Beauty & Health,,1,Ya,,Tidak,Ya
Shopee Affiliate,NCO Parfum,Beauty & Health,,1,Ya,,Tidak,Ya
Shopee Affiliate,Neozen,Home & Living,,1,Ya,,Tidak,Ya
Shopee Affiliate,Newlab,Beauty & Health,,1,Ya,,Tidak,Ya
Shopee Affiliate,NIVEA,Beauty & Health,,2,Ya,,Tidak,Ya
Shopee Affiliate,Noroid,Beauty & Health,,1,Ya,,Tidak,Ya
Shopee Affiliate,NPURE,Beauty & Health,,1,Ya,,Tidak,Ya
Shopee Affiliate,Nubia,Tech,,2,Ya,,Tidak,Ya
Shopee Affiliate,Nuface,Beauty & Health,,1,Ya,,Tidak,Ya
Shopee Affiliate,Nurilab,Beauty & Health,,1,Ya,,Tidak,Ya
Shopee Affiliate,Nutrimart,Food & FMCG,,1,Ya,,Tidak,Ya
Shopee Affiliate,Octarine,Beauty & Health,,2,Ya,,Tidak,Ya
Shopee Affiliate,Olike,Tech,,1,Ya,,Tidak,Ya
Shopee Affiliate,OMG Beauty,Beauty & Health,,1,Ya,,Tidak,Ya
Shopee Affiliate,ONIX,Beauty & Health,,2,Ya,,Tidak,Ya
Shopee Affiliate,OPPO New November,Tech,,1,Ya,,Tidak,Ya
Shopee Affiliate,Ownskin Id,Beauty & Health,,1,Ya,,Tidak,Ya
Shopee Affiliate,Oxone,Home & Living,,1,Ya,,Tidak,Ya
Shopee Affiliate,PANOVA,Home & Living,,1,Ya,,Tidak,Ya
Shopee Affiliate,Perfect White,Beauty & Health,,1,Ya,,Tidak,Ya
Shopee Affiliate,Pero,Home & Living,,1,Ya,,Tidak,Ya
Shopee Affiliate,Pero Indonesia,Home & Living,,2,Ya,,Tidak,Ya
Shopee Affiliate,Pigeon Teens 1,Beauty & Health,,2,Ya,,Tidak,Ya
Shopee Affiliate,Plan Your Skin,Beauty & Health,,1,Ya,,Tidak,Ya
Shopee Affiliate,POL Perabot,Home & Living,,1,Ya,,Tidak,Ya
Shopee Affiliate,POLKI,Home & Living,,1,Ya,,Tidak,Ya
Shopee Affiliate,POSE Shoes,Fashion,,1,Ya,,Tidak,Ya
Shopee Affiliate,Pramy,Beauty & Health,,1,Ya,,Tidak,Ya
Shopee Affiliate,Prepare,Beauty & Health,,1,Ya,,Tidak,Ya
Shopee Affiliate,PRINCESS KESLI,Fashion,,1,Ya,,Tidak,Ya
Shopee Affiliate,Purbasari,Beauty & Health,,1,Ya,,Tidak,Ya
Shopee Affiliate,Purito Indonesia,Beauty & Health,,2,Ya,,Tidak,Ya
Shopee Affiliate,Putri,Beauty & Health,,1,Ya,,Tidak,Ya
Shopee Affiliate,Putri Jaya Kosmetik,Beauty & Health,,1,Ya,,Tidak,Ya
Shopee Affiliate,Raecca Beauty Care,Beauty & Health,,1,Ya,,Tidak,Ya
Shopee Affiliate,RAPAtech,Tech,,1,Ya,,Tidak,Ya
Shopee Affiliate,Real Heavy,Fashion,,1,Ya,,Tidak,Ya
Shopee Affiliate,Reveline Beauty,Beauty & Health,,1,Ya,,Tidak,Ya
Shopee Affiliate,Rhei Collection,Fashion,,1,Ya,,Tidak,Ya
Shopee Affiliate,rifanyhijab,Fashion,,1,Ya,,Tidak,Ya
Shopee Affiliate,ROBOT,Tech,,1,Ya,,Tidak,Ya
Shopee Affiliate,ROBOT PC,Tech,,1,Ya,,Tidak,Ya
Shopee Affiliate,Rose All Day,Beauty & Health,,1,Ya,,Tidak,Ya
Shopee Affiliate,SAFF & Co,Beauty & Health,,2,Ya,,Tidak,Ya
Shopee Affiliate,SAMONO,Home & Living,,3,Ya,,Tidak,Ya
Shopee Affiliate,Sandisk,Tech,,2,Ya,,Tidak,Ya
Shopee Affiliate,Sanvanina,Fashion,,1,Ya,,Tidak,Ya
Shopee Affiliate,SASC,Beauty & Health,,1,Ya,,Tidak,Ya
Shopee Affiliate,Scora,Beauty & Health,,1,Ya,,Tidak,Ya
Shopee Affiliate,Sculpt Fashion,Fashion,,1,Ya,,Tidak,Ya
Shopee Affiliate,Sculpt Skin,Fashion,,1,Ya,,Tidak,Ya
Shopee Affiliate,Seagloca,Fashion,,1,Ya,,Tidak,Ya
Shopee Affiliate,Sidomuncul,Food & FMCG,,1,Ya,,Tidak,Ya
Shopee Affiliate,Simplus,Tech,,1,Ya,,Tidak,Ya
Shopee Affiliate,Sinergia Beaute,Beauty & Health,,1,Ya,,Tidak,Ya
Shopee Affiliate,Skin Game,Beauty & Health,,1,Ya,,Tidak,Ya
Shopee Affiliate,Skinfood,Beauty & Health,,1,Ya,,Tidak,Ya
Shopee Affiliate,SLAVINA,Beauty & Health,,1,Ya,,Tidak,Ya
Shopee Affiliate,SOGO Mastap,Tech,,1,Ya,,Tidak,Ya
Shopee Affiliate,Some By Mi,Beauty & Health,,2,Ya,,Tidak,Ya
Shopee Affiliate,SOMETHINC,Beauty & Health,,3,Ya,,Tidak,Ya
Shopee Affiliate,Speeds,Sports,,1,Ya,,Tidak,Ya
Shopee Affiliate,Studio Tropik,Beauty & Health,,1,Ya,,Tidak,Ya
Shopee Affiliate,Sulwhasoo,Beauty & Health,,1,Ya,,Tidak,Ya
Shopee Affiliate,Summerscent,Home & Living,,1,Ya,,Tidak,Ya
Shopee Affiliate,Sunhouse,Home & Living,,1,Ya,,Tidak,Ya
Shopee Affiliate,SUPEREGO,Fashion,,1,Ya,,Tidak,Ya
Shopee Affiliate,Sweet Sally,Fashion,,1,Ya,,Tidak,Ya
Shopee Affiliate,TACO,Home & Living,,1,Ya,,Tidak,Ya
Shopee Affiliate,Tavi,Beauty & Health,,1,Ya,,Tidak,Ya
Shopee Affiliate,TECNO,Tech,,2,Ya,,Tidak,Ya
Shopee Affiliate,Tentang Anak Shop,Mom & Baby,,1,Ya,,Tidak,Ya
Shopee Affiliate,Thipank,Beauty & Health,,1,Ya,,Tidak,Ya
Shopee Affiliate,This Is Your,Beauty & Health,,1,Ya,,Tidak,Ya
Shopee Affiliate,Toko Pojok Perabot,Home & Living,,1,Ya,,Tidak,Ya
Shopee Affiliate,Tokolobo,Fashion,,1,Ya,,Tidak,Ya
Shopee Affiliate,TOP TOY,Home & Living,,1,Ya,,Tidak,Ya
Shopee Affiliate,TOSHIBA,Tech,,1,Ya,,Tidak,Ya
Shopee Affiliate,True To Skin,Beauty & Health,,1,Ya,,Tidak,Ya
Shopee Affiliate,UGREEN,Tech,,1,Ya,,Tidak,Ya
Shopee Affiliate,Ulike,Tech,,1,Ya,,Tidak,Ya
Shopee Affiliate,Unilever Beauty 1,Beauty & Health,,4,Ya,,Tidak,Ya
Shopee Affiliate,Unilever Homecare,Home & Living,,1,Ya,,Tidak,Ya
Shopee Affiliate,Unilever Personal Care,Beauty & Health,,1,Ya,,Tidak,Ya
Shopee Affiliate,UNITARY,Beauty & Health,,2,Ya,,Tidak,Ya
Shopee Affiliate,URBANx,Beauty & Health,,1,Ya,,Tidak,Ya
Shopee Affiliate,usmile,Beauty & Health,,1,Ya,,Tidak,Ya
Shopee Affiliate,Vitmaker,Food & FMCG,,1,Ya,,Tidak,Ya
Shopee Affiliate,Vivan,Tech,,1,Ya,,Tidak,Ya
Shopee Affiliate,Votre,Beauty & Health,,1,Ya,,Tidak,Ya
Shopee Affiliate,Watsons,Beauty & Health,,1,Ya,,Tidak,Ya
Shopee Affiliate,White Story,Beauty & Health,,1,Ya,,Tidak,Ya
Shopee Affiliate,Whitelab,Beauty & Health,,1,Ya,,Tidak,Ya
Shopee Affiliate,Winland,Tech,,1,Ya,,Tidak,Ya
Shopee Affiliate,Wonderlux,Beauty & Health,,1,Ya,,Tidak,Ya
Shopee Affiliate,Xiaomi,Tech,,5,Ya,,Tidak,Ya
Shopee Affiliate,XLYZ,Fashion,,1,Ya,,Tidak,Ya
Shopee Affiliate,Xora Hijab,Fashion,,1,Ya,,Tidak,Ya
Shopee Affiliate,YNM Beauty,Beauty & Health,,1,Ya,,Tidak,Ya
Shopee Affiliate,Youware,Home & Living,,1,Ya,,Tidak,Ya
Shopee Affiliate,AIUEO,Tech,,1,Ya,,Tidak,Tidak
Shopee Affiliate,ERHA Skinsitive,Beauty & Health,,1,Ya,,Tidak,Tidak
Shopee Affiliate,Kiehl's Indonesia,Beauty & Health,,1,Ya,,Tidak,Tidak
Shopee Affiliate,Opella ID,Beauty & Health,,1,Ya,,Tidak,Tidak
Shopee Affiliate,realme,Tech,,1,Ya,,Tidak,Tidak
Shopee Affiliate,Secret Clean,Beauty & Health,,1,Ya,,Tidak,Tidak
Shopee Affiliate,SKIN1004,Beauty & Health,,2,Ya,,Tidak,Tidak
Shopee Affiliate,Skinlutions,Beauty & Health,,1,Ya,,Tidak,Tidak
Shopee Affiliate,Sweety,Mom & Baby,,1,Ya,,Tidak,Tidak
Shopee Affiliate,UPHOME,Tech,,1,Ya,,Tidak,Tidak
Shopee Affiliate,Vitabumin,Mom & Baby,,1,Ya,,Tidak,Tidak
Shopee Affiliate,ZUMA Indonesia,Fashion,,1,Ya,,Tidak,Tidak
Shopee Affiliate,3CE,Beauty & Health,,2,Tidak,,Tidak,Ya
Shopee Affiliate,Cuculemon Tumblr,Home & Living,,1,Tidak,,Tidak,Ya
Shopee Affiliate,Garnier,Beauty & Health,,3,Tidak,,Tidak,Ya
Shopee Affiliate,Madame Gie,Beauty & Health,,2,Tidak,,Tidak,Ya
Shopee Affiliate,Maybelline,Beauty & Health,,1,Tidak,,Tidak,Ya
Shopee Affiliate,Mukenah.Aminah,Fashion,,1,Tidak,,Tidak,Ya
Shopee Affiliate,Nespresso,Tech,,1,Tidak,,Tidak,Ya
Shopee Affiliate,Oraimo,Tech,,1,Tidak,,Tidak,Ya
Shopee Affiliate,POCO,Tech,,2,Tidak,,Tidak,Ya
Shopee Affiliate,Scarlett Whitening,Beauty & Health,,4,Tidak,,Tidak,Ya
Shopee Affiliate,Scentplus,Beauty & Health,,1,Tidak,,Tidak,Ya
Shopee Affiliate,Shu Uemura,Beauty & Health,,1,Tidak,,Tidak,Ya
Shopee Affiliate,Advan,Tech,,1,Tidak,,Tidak,Tidak
Shopee Affiliate,Aestika Hair,Beauty & Health,,1,Tidak,,Tidak,Tidak
Shopee Affiliate,AHE Hair,Beauty & Health,,1,Tidak,,Tidak,Tidak
Shopee Affiliate,Alt Perfumery,Beauty & Health,,1,Tidak,,Tidak,Tidak
Shopee Affiliate,asheeqahijab03,Fashion,,1,Tidak,,Tidak,Tidak
Shopee Affiliate,Avero,Beauty & Health,,1,Tidak,,Tidak,Tidak
Shopee Affiliate,AY'S ON YOU,Beauty & Health,,1,Tidak,,Tidak,Tidak
Shopee Affiliate,Bazaar Plastik,Beauty & Health,,1,Tidak,,Tidak,Tidak
Shopee Affiliate,Bhira Store,Beauty & Health,,1,Tidak,,Tidak,Tidak
Shopee Affiliate,BIKA AMBON RICA RICO,Food & FMCG,,1,Tidak,,Tidak,Tidak
Shopee Affiliate,Bold Gent,Beauty & Health,,1,Tidak,,Tidak,Tidak
Shopee Affiliate,BOSTANTEN Shoes,Fashion,,1,Tidak,,Tidak,Tidak
Shopee Affiliate,Careso Baby,Mom & Baby,,1,Tidak,,Tidak,Tidak
Shopee Affiliate,Cuan Kabel,Tech,,1,Tidak,,Tidak,Tidak
Shopee Affiliate,Dermasential,Beauty & Health,,1,Tidak,,Tidak,Tidak
Shopee Affiliate,DSavior,Beauty & Health,,1,Tidak,,Tidak,Tidak
Shopee Affiliate,DSE Dermascalp Expert,Beauty & Health,,1,Tidak,,Tidak,Tidak
Shopee Affiliate,Earth Love Life,Beauty & Health,,1,Tidak,,Tidak,Tidak
Shopee Affiliate,ERHAIR,Beauty & Health,,1,Tidak,,Tidak,Tidak
Shopee Affiliate,Gamen,Tech,,1,Tidak,,Tidak,Tidak
Shopee Affiliate,Ginza,Beauty & Health,,1,Tidak,,Tidak,Tidak
Shopee Affiliate,Glad2Glow,Beauty & Health,,1,Tidak,,Tidak,Tidak
Shopee Affiliate,GOOJODOQ,Tech,,2,Tidak,,Tidak,Tidak
Shopee Affiliate,Hansaplast,Beauty & Health,,1,Tidak,,Tidak,Tidak
Shopee Affiliate,HealthyWay,Mom & Baby,,1,Tidak,,Tidak,Tidak
Shopee Affiliate,HG Men,Beauty & Health,,1,Tidak,,Tidak,Tidak
Shopee Affiliate,Huawei,Tech,,4,Tidak,,Tidak,Tidak
Shopee Affiliate,Icebiu,Home & Living,,1,Tidak,,Tidak,Tidak
Shopee Affiliate,Implora,Beauty & Health,,1,Tidak,,Tidak,Tidak
Shopee Affiliate,Infinix,Tech,,1,Tidak,,Tidak,Tidak
Shopee Affiliate,INTHEBOX Kasur,Home & Living,,1,Tidak,,Tidak,Tidak
Shopee Affiliate,Jacquelle,Beauty & Health,,1,Tidak,,Tidak,Tidak
Shopee Affiliate,Jiera New April 2025,Beauty & Health,,1,Tidak,,Tidak,Tidak
Shopee Affiliate,JOOCYEE,Beauty & Health,,1,Tidak,,Tidak,Tidak
Shopee Affiliate,Kay Beauty,Beauty & Health,,1,Tidak,,Tidak,Tidak
Shopee Affiliate,Kerastase,Beauty & Health,,1,Tidak,,Tidak,Tidak
Shopee Affiliate,Kojis,Beauty & Health,,1,Tidak,,Tidak,Tidak
Shopee Affiliate,Lampuledstrip,Tech,,1,Tidak,,Tidak,Tidak
Shopee Affiliate,Lanbena,Beauty & Health,,1,Tidak,,Tidak,Tidak
Shopee Affiliate,Lightplus,Beauty & Health,,1,Tidak,,Tidak,Tidak
Shopee Affiliate,Luxcrime,Beauty & Health,,1,Tidak,,Tidak,Tidak
Shopee Affiliate,Mad For Makeup,Beauty & Health,,1,Tidak,,Tidak,Tidak
Shopee Affiliate,Mahkota Hijab Store,Fashion,,1,Tidak,,Tidak,Tidak
Shopee Affiliate,Makarizo,Beauty & Health,,2,Tidak,,Tidak,Tidak
Shopee Affiliate,man shabara,Fashion,,1,Tidak,,Tidak,Tidak
Shopee Affiliate,Marina,Beauty & Health,,1,Tidak,,Tidak,Tidak
Shopee Affiliate,Masami New April 2025,Beauty & Health,,1,Tidak,,Tidak,Tidak
Shopee Affiliate,mexshamall,Fashion,,1,Tidak,,Tidak,Tidak
Shopee Affiliate,Morris,Beauty & Health,,1,Tidak,,Tidak,Tidak
Shopee Affiliate,msyu,Fashion,,1,Tidak,,Tidak,Tidak
Shopee Affiliate,Mustika Ratu,Beauty & Health,,1,Tidak,,Tidak,Tidak
Shopee Affiliate,Nabnib,Fashion,,1,Tidak,,Tidak,Tidak
Shopee Affiliate,Naturahavens,Beauty & Health,,1,Tidak,,Tidak,Tidak
Shopee Affiliate,Noera,Beauty & Health,,1,Tidak,,Tidak,Tidak
Shopee Affiliate,Onlife,Tech,,1,Tidak,,Tidak,Tidak
Shopee Affiliate,P&G,Beauty & Health,,1,Tidak,,Tidak,Tidak
Shopee Affiliate,Papaso,Home & Living,,1,Tidak,,Tidak,Tidak
Shopee Affiliate,piyambak.inc,Fashion,,1,Tidak,,Tidak,Tidak
Shopee Affiliate,Porto Sendal,Fashion,,1,Tidak,,Tidak,Tidak
Shopee Affiliate,Premiere Beatue,Beauty & Health,,1,Tidak,,Tidak,Tidak
Shopee Affiliate,Purito,Beauty & Health,,1,Tidak,,Tidak,Tidak
Shopee Affiliate,Raja Karpet,Home & Living,,1,Tidak,,Tidak,Tidak
Shopee Affiliate,Ratu Sprei,Home & Living,,1,Tidak,,Tidak,Tidak
Shopee Affiliate,Realfit,Tech,,1,Tidak,,Tidak,Tidak
Shopee Affiliate,Realfood,Beauty & Health,,1,Tidak,,Tidak,Tidak
Shopee Affiliate,Revlon,Beauty & Health,,1,Tidak,,Tidak,Tidak
Shopee Affiliate,Rider,Fashion,,1,Tidak,,Tidak,Tidak
Shopee Affiliate,Roona,Beauty & Health,,1,Tidak,,Tidak,Tidak
Shopee Affiliate,Sari Lemon Lovita,Food & FMCG,,1,Tidak,,Tidak,Tidak
Shopee Affiliate,Seruni Living,Home & Living,,1,Tidak,,Tidak,Tidak
Shopee Affiliate,Skintific,Beauty & Health,,2,Tidak,,Tidak,Tidak
Shopee Affiliate,Softex,Beauty & Health,,1,Tidak,,Tidak,Tidak
Shopee Affiliate,Soulyu Beauty,Beauty & Health,,1,Tidak,,Tidak,Tidak
Shopee Affiliate,Spigen,Tech,,1,Tidak,,Tidak,Tidak
Shopee Affiliate,Stein,Home & Living,,1,Tidak,,Tidak,Tidak
Shopee Affiliate,Sumak Optima,Food & FMCG,,1,Tidak,,Tidak,Tidak
Shopee Affiliate,Supergoat,Beauty & Health,,1,Tidak,,Tidak,Tidak
Shopee Affiliate,Tempo Store,Beauty & Health,,2,Tidak,,Tidak,Tidak
Shopee Affiliate,Teratu Beauty,Beauty & Health,,1,Tidak,,Tidak,Tidak
Shopee Affiliate,Torch,Fashion,,1,Tidak,,Tidak,Tidak
Shopee Affiliate,Tusen New September,Home & Living,,1,Tidak,,Tidak,Tidak
Shopee Affiliate,ULTIMA II,Beauty & Health,,1,Tidak,,Tidak,Tidak
Shopee Affiliate,Unilever Indonesia,Beauty & Health,,2,Tidak,,Tidak,Tidak
Shopee Affiliate,Vidoran,Mom & Baby,,1,Tidak,,Tidak,Tidak
Shopee Affiliate,Wardah,Beauty & Health,,1,Tidak,,Tidak,Tidak
Shopee Affiliate,Wings,Beauty & Health,,1,Tidak,,Tidak,Tidak
Shopee Affiliate,Women Republic,Fashion,,1,Tidak,,Tidak,Tidak
