Brand,Kategori,Nama Campaign,Tap Link,Komisi (%),Punya Sample (tier ini),Status Link,Berlaku Hingga,Status Kadaluarsa,Logo,SKU Baru,Last Update Sheet
Heasel,Beauty & Health,Campaign 1,https://affiliate-id.tokopedia.com/api/v1/share/AJ4196arnaS8,20%,,Aktif,,,,Tidak,
Oraimo,Tech,Campaign 1,https://affiliate-id.tokopedia.com/api/v1/share/AJbtlQgCZR54,18%,,Aktif,,,,Tidak,
Daykit,Home & Living,Campaign 1,https://affiliate-id.tokopedia.com/api/v1/share/AK3wvI7o6Gvn,16%,,Aktif,,,,Tidak,
Hairnerds,Beauty & Health,Campaign 1,https://affiliate-id.tokopedia.com/api/v1/share/AJ1VCVe8c8qF,16%,,Aktif,,,,Tidak,
Whitelab,Beauty & Health,Campaign 1,https://affiliate-id.tokopedia.com/api/v1/share/AKg1wdK9zNss,16%,,Aktif,,,,Tidak,
Aerostreet,Beauty & Health,Campaign 1,https://affiliate-id.tokopedia.com/api/v1/share/AK4PF4CqecZm,15%,,Aktif,,,,Tidak,
Everwhite,Beauty & Health,Campaign 1,https://affiliate-id.tokopedia.com/api/v1/share/AKISmyeHoWPE,15%,,Aktif,,,,Tidak,
Ginza,Beauty & Health,Campaign 1,https://affiliate-id.tokopedia.com/api/v1/share/AIyzwTrKKHhe,15%,,Aktif,,,,Tidak,
Goute,Beauty & Health,Campaign 1,https://affiliate-id.tokopedia.com/api/v1/share/AKCwXhD4vnQE,15%,,Aktif,,,,Tidak,
Kakimi,Tech,Campaign 1,https://affiliate-id.tokopedia.com/api/v1/share/AJOF9ijSP3eM,15%,,Aktif,,,,Tidak,
Laxasmart,Tech,Campaign 1,https://affiliate-id.tokopedia.com/api/v1/share/AJAJf0jbwhdO,15%,,Not Updated,,,,Tidak,
Mistine,Beauty & Health,Campaign 1,https://affiliate-id.tokopedia.com/api/v1/share/AKo3Mc1wUWHo,15%,,Aktif,,,,Tidak,
OMFU,Home & Living,Campaign 1,https://affiliate-id.tokopedia.com/api/v1/share/AJbBepqckzXA,15%,,Aktif,,,,Tidak,
Kojis Body Care,Beauty & Health,Campaign 1,https://affiliate-id.tokopedia.com/api/v1/share/AKg0lpkFYp9n,13%,,Aktif,,,,Tidak,
Makarizo,Beauty & Health,HDA X Makarizo,https://affiliate-id.tokopedia.com/api/v1/share/AKW1US85fgww,13%,,Updated,,,,Tidak,8 July 2026
Monster Audio,Tech,Campaign 1,https://affiliate-id.tokopedia.com/api/v1/share/AIxinDOa9eS9,13%,,Not Updated,,,,Tidak,
Mystic Eyes Softlens,Beauty & Health,Campaign 1,https://affiliate-id.tokopedia.com/api/v1/share/AJUPdmAxqEeF 13%,13%,,Aktif,,,,Tidak,
Mystic Eyes Softlens,Beauty & Health,Campaign 2,https://affiliate-id.tokopedia.com/api/v1/share/AK1C0fDDCWYN 15%,15%,,Aktif,,,,Tidak,
Oilyoung,Beauty & Health,Campaign 1,https://affiliate-id.tokopedia.com/api/v1/share/AKbyEmbYaP3F,13%,,Aktif,,,,Tidak,
Olay,Beauty & Health,Campaign 1,https://affiliate-id.tokopedia.com/api/v1/share/AKg21qSX8MaW,13-15%,,Aktif,,,,Tidak,
Rose All Day (RAD),Beauty & Health,Campaign 1,https://affiliate-id.tokopedia.com/api/v1/share/AJQQ1eq3J1dJ,13%,,Aktif,,,,Tidak,
The Fenery,Beauty & Health,Campaign 1,https://affiliate-id.tokopedia.com/api/v1/share/AJFWDaKjeNB6,13%,,Aktif,,,,Tidak,
The Fenery,Beauty & Health,Campaign 2,https://affiliate-id.tokopedia.com/api/v1/share/AJuPeYYVlbwo,,,Aktif,,,,Tidak,
Aerostreet (Shirt),Fashion,Campaign 1,https://affiliate-id.tokopedia.com/api/v1/share/AJuKiifU52l2,12%,,Aktif,,,,Tidak,
AXIS-Y,Beauty & Health,Campaign 1,https://affiliate-id.tokopedia.com/api/v1/share/AK9v475KUXp2,12%,,Aktif,,,,Tidak,
Bagsmart,Fashion,Campaign 1,https://affiliate-id.tokopedia.com/api/v1/share/AKNvhXTSS508,12%,Ya,Aktif,,,,Tidak,
Brighty,Beauty & Health,Campaign 1,https://affiliate-id.tokopedia.com/api/v1/share/AKFVsQS4urh6,12%,,Aktif,,,,Tidak,
chalonese,Beauty & Health,Campaign 1,https://affiliate-id.tokopedia.com/api/v1/share/AJkvNtegtr5E,12%,,Aktif,,,,Tidak,
Dream Lashes,Beauty & Health,Campaign 1,https://affiliate-id.tokopedia.com/api/v1/share/AIrRCC3qmV5J,12%,,Aktif,,,,Tidak,
Emina (Paragon),Beauty & Health,HDA X EMINA,https://affiliate-id.tokopedia.com/api/v1/share/AJsRrA7L4HX7,12%,,Updated,,,,Tidak,23 July 2026
Erha,Beauty & Health,Campaign 1,https://affiliate-id.tokopedia.com/api/v1/share/AKEXw0WoZJHv,12%,,Aktif,,,,Tidak,
G&Z Ladybags,Fashion,Campaign 1,https://affiliate-id.tokopedia.com/api/v1/share/AJMmi7tYYAMf,12%,Ya,Aktif,,,,Tidak,
Glow Better,Beauty & Health,Campaign 1,https://affiliate-id.tokopedia.com/api/v1/share/AIzh7UQfTNh5,12%,,Aktif,,,,Tidak,
Hale,Beauty & Health,Campaign 1,https://affiliate-id.tokopedia.com/api/v1/share/AKg1kTTesDMB,12%,,Aktif,,,,Tidak,
Halo Fashion,Fashion,Campaign 1,https://affiliate-id.tokopedia.com/api/v1/share/AIr17zZ4Ge26,12%,Ya,Aktif,,,,Tidak,
Heyxi,Beauty & Health,Campaign 1,https://affiliate-id.tokopedia.com/api/v1/share/AKg2aFcIl3b7,12%,,Aktif,,,,Tidak,
JIB Indonesia,Home & Living,Campaign 1,https://affiliate-id.tokopedia.com/api/v1/share/AJINLE0oSb5F,12%,,Aktif,,,,Tidak,
JJ Glow,Beauty & Health,BEAUTY SKINCARE X HDA,https://affiliate-id.tokopedia.com/api/v1/share/ALAK4zlXgakB,12%,,Updated,,,,Tidak,27 July 2026
Kime,Beauty & Health,Campaign 1,https://affiliate-id.tokopedia.com/api/v1/share/AKdtEVeVaLcz,12%,,Aktif,,,,Tidak,
Kime,Beauty & Health,Campaign 2,https://affiliate-id.tokopedia.com/api/v1/share/AKdtEcrfJ6yE,13%,,Aktif,,,,Tidak,
Kymm Skin,Beauty & Health,Campaign 1,https://affiliate-id.tokopedia.com/api/v1/share/AJd9CmEh4ZnN,12%,,Aktif,,,,Tidak,
Kymm Skin,Beauty & Health,Campaign 2,https://affiliate-id.tokopedia.com/api/v1/share/AJ0lkkSK7c91,13%,,Aktif,,,,Tidak,
Lash Boss,Beauty & Health,Campaign 1,https://affiliate-id.tokopedia.com/api/v1/share/AJU7gdrUfmK0,12%,,Aktif,,,,Tidak,
Les Catino,Fashion,Campaign 1,https://affiliate-id.tokopedia.com/api/v1/share/AJjHZ5qsQgHQ,12%,Ya,Aktif,,,,Tidak,
Loreal Hair,Beauty & Health,Campaign 1,https://affiliate-id.tokopedia.com/api/v1/share/AKP6ePX3X60b,12%,,Aktif,,,,Tidak,
Loreal Main(Beauty),Beauty & Health,Campaign 1,https://affiliate-id.tokopedia.com/api/v1/share/AJo7Lm2yz5u6,12%,,Aktif,,,,Tidak,
Maybelline,Beauty & Health,Campaign 1,https://affiliate-id.tokopedia.com/api/v1/share/ALAhfskWHSK4,12%,,Updated,,,,Tidak,
Metoo,Beauty & Health,Campaign 1,https://affiliate-id.tokopedia.com/api/v1/share/AL0EgbI9GW8Q 12%,12,,Aktif,,,,Tidak,
No Void Minds,Fashion,Campaign 1,https://affiliate-id.tokopedia.com/api/v1/share/AJbagLMEnhwK,12%,,Aktif,,,,Tidak,
otwoo,Beauty & Health,Campaign 1,https://affiliate-id.tokopedia.com/api/v1/share/AKriCFesIWOX,12%,,Aktif,,,,Tidak,
Porto Footwear,Fashion,Campaign 1,https://affiliate-id.tokopedia.com/api/v1/share/AJNpbcW9jgnn,12%,Ya,Aktif,,,,Tidak,
Premiere Beaute,Beauty & Health,Campaign 1,https://affiliate-id.tokopedia.com/api/v1/share/AJTAHB4OOnSh,12%,,Aktif,,,,Tidak,
Raecca,Beauty & Health,Campaign 1,https://affiliate-id.tokopedia.com/api/v1/share/AJmQZV9V7FvQ,12%,Ya,Aktif,,,,Tidak,
Raecca,Beauty & Health,Campaign 2,https://affiliate-id.tokopedia.com/api/v1/share/AJmQX1sUFReQ,12% 2.0,Ya,Aktif,,,,Tidak,
Sculpt.id,Fashion,Campaign 1,https://affiliate-id.tokopedia.com/api/v1/share/AJpMPdOAp8hx,12%,,Aktif,,,,Tidak,
SINDA,Home & Living,Campaign 1,https://affiliate-id.tokopedia.com/api/v1/share/AJp0A3x2LRCo,12%,,Aktif,,,,Tidak,
Tavi (Paragon),Beauty & Health,HDA X TAVI,https://affiliate-id.tokopedia.com/api/v1/share/AKeqslD9uc4U,12%,,Updated,,,,Tidak,23 July 2026
The Pods,Tech,Campaign 1,https://affiliate-id.tokopedia.com/api/v1/share/AKfMspaOTerZ,12%,,Aktif,,,,Tidak,
Amaterasun,Beauty & Health,Campaign 1,https://affiliate-id.tokopedia.com/api/v1/share/AK72DxYfOO0g,11%,,Aktif,,,,Tidak,
Anker,Tech,Campaign 1,https://affiliate-id.tokopedia.com/api/v1/share/AJcDwefDrqNZ,11%,,Not Updated,,,,Tidak,
Anua,Beauty & Health,Campaign 1,https://affiliate-id.tokopedia.com/api/v1/share/AJQPlKwyzDXN,11%,,Aktif,,,,Tidak,
Avoskin new list,Beauty & Health,Campaign 1,https://affiliate-id.tokopedia.com/api/v1/share/AJRqEdy07ocl,11-12%,,Aktif,,,,Tidak,
Azure Star,Fashion,Campaign 1,https://affiliate-id.tokopedia.com/api/v1/share/AJV1bUNWRg0l,11%,Ya,Aktif,,,,Tidak,
Betadine,Beauty & Health,Campaign 1,https://affiliate-id.tokopedia.com/api/v1/share/AJLGgkZ4YTXi,11%,,Aktif,,,,Tidak,
Case Sultan JRYU,Tech,Campaign 1,https://affiliate-id.tokopedia.com/api/v1/share/AKPQME3GPwJn,11%,,Not Updated,,,,Tidak,
CimolBojot.AA,Food & FMCG,Campaign 1,https://affiliate-id.tokopedia.com/api/v1/share/AJP1ftMENPbz,11%,,Aktif,,,,Tidak,
Dear Me Beauty,Beauty & Health,Campaign 1,https://affiliate-id.tokopedia.com/api/v1/share/AK1CFLOfZtvJ,11%,,Aktif,,,,Tidak,
Esqa,Beauty & Health,HALUAN DIGITAL AGENCY X ESQA COSMETICS,https://affiliate-id.tokopedia.com/api/v1/share/AJquT2Jqf5SA,"11,12,13%",,Updated,,,,Tidak,7 July 2026
GREENEY,Fashion,Campaign 1,https://affiliate-id.tokopedia.com/api/v1/share/AJb7XWohwJ6i,11%,Ya,Aktif,,,,Tidak,
Hanasui,Beauty & Health,Haluan Digital Agency x Hanasui,https://affiliate-id.tokopedia.com/api/v1/share/AJroQ37FhfSq,11-12%,,Updated,,,,Tidak,7 July 2026
Harlette,Beauty & Health,Haluan Digital Agency x Beauty 3.0,https://affiliate-id.tokopedia.com/api/v1/share/AJfmMdEU20XL,11%,,Updated,,,,Tidak,21 July 2026
Harmits Project (Waistbag),Fashion,Campaign 1,https://affiliate-id.tokopedia.com/api/v1/share/AJxEQK0Zwmyb,11%,,Aktif,,,,Tidak,
Harumika,Home & Living,Campaign 1,https://affiliate-id.tokopedia.com/api/v1/share/AKj11nb1uEMV,11%,,Aktif,,,,Tidak,
Herbloom,Beauty & Health,Campaign 1,https://affiliate-id.tokopedia.com/api/v1/share/AKg1lqTtHmzp,11%,,Aktif,,,,Tidak,
Illiyoon,Beauty & Health,Campaign 1,https://affiliate-id.tokopedia.com/api/v1/share/AKg2wCCcygJ4,11%,,Aktif,,,,Tidak,
Inbex,Tech,Campaign 1,https://affiliate-id.tokopedia.com/api/v1/share/AKZgbDrr6XPx,11%,,Not Updated,,,,Tidak,
Innisfree,Beauty & Health,Campaign 1,https://affiliate-id.tokopedia.com/api/v1/share/AJSfsAKMC8DG,11%,,Aktif,,,,Tidak,
Iswhite,Beauty & Health,Campaign 1,https://affiliate-id.tokopedia.com/api/v1/share/AJgWjeQjr7eA,11%,,Aktif,,,,Tidak,
JACK.IDN,Fashion,Campaign 1,https://affiliate-id.tokopedia.com/api/v1/share/AJSuu32eIOZW,11%,Ya,Aktif,,,,Tidak,
Jamay,Tech,Campaign 1,https://affiliate-id.tokopedia.com/api/v1/share/AJ29gSaqPpFp,11%,,Not Updated,,,,Tidak,
Kallyoutfit (Fashion Wanita),Fashion,Campaign 1,https://affiliate-id.tokopedia.com/api/v1/share/AJQCgQ9xxKy4,11%,Ya,Aktif,,,,Tidak,
Kojic,Beauty & Health,Campaign 1,https://affiliate-id.tokopedia.com/api/v1/share/AKg2vz41Vy3i,11%,,Aktif,,,,Tidak,
Kuda Laut Biru,Home & Living,Campaign 1,https://affiliate-id.tokopedia.com/api/v1/share/AJMXzTxQ3aDG,11%,,Aktif,,,,Tidak,
LocknLock,Home & Living,Campaign 1,https://affiliate-id.tokopedia.com/api/v1/share/AJLHjYHMHvjN,11%-12%,,Aktif,,,,Tidak,
LVK (Baju Anak),Fashion,Campaign 1,https://affiliate-id.tokopedia.com/api/v1/share/AJyDv9y5gDLU,11%,,Aktif,,,,Tidak,
Magister,Beauty & Health,Campaign 1,https://affiliate-id.tokopedia.com/api/v1/share/AJCJ6pBXwUpO,11%,,Aktif,,,,Tidak,
Man of The Match,Fashion,Campaign 1,https://affiliate-id.tokopedia.com/api/v1/share/AJIJP5yfwsVA,11/12%,Ya,Aktif,,,,Tidak,
Minimalist,Beauty & Health,Campaign 1,https://affiliate-id.tokopedia.com/api/v1/share/AKg0YEP5BwAw,11%,,Aktif,,,,Tidak,
Mise en scene,Beauty & Health,Campaign 1,https://affiliate-id.tokopedia.com/api/v1/share/AKg2wKvgcstk,11%,,Aktif,,,,Tidak,
MLAN,Beauty & Health,Campaign 1,https://affiliate-id.tokopedia.com/api/v1/share/AJvOjd74zjeY,11%,,Aktif,,,,Tidak,
MLT,Beauty & Health,Campaign 1,https://affiliate-id.tokopedia.com/api/v1/share/AJ2YsabHptwM,12%,,Aktif,,,,Tidak,
MLT,Beauty & Health,Campaign 2,https://affiliate-id.tokopedia.com/api/v1/share/AKnYueMIZYPp,11%,,Aktif,,,,Tidak,
Nalandu,Fashion,Campaign 1,https://affiliate-id.tokopedia.com/api/v1/share/AJbaYgJpjDS4,11%,,Aktif,,,,Tidak,
Newlab,Beauty & Health,Campaign 1,https://affiliate-id.tokopedia.com/api/v1/share/AKg2TcPCQsN6,11%,,Aktif,,,,Tidak,
Nurilab,Beauty & Health,Campaign 1,https://affiliate-id.tokopedia.com/api/v1/share/AKg1DBCYKm4O,11%,,Aktif,,,,Tidak,
Onix,Beauty & Health,Campaign 1,https://affiliate-id.tokopedia.com/api/v1/share/AJTNGboS81Iu,11%,,Aktif,,,,Tidak,
Onlyou,Beauty & Health,Campaign 1,https://affiliate-id.tokopedia.com/api/v1/share/AJWVopVXGKSn,11%,,Aktif,,,,Tidak,
Ovale,Beauty & Health,Campaign 1,https://affiliate-id.tokopedia.com/api/v1/share/AL2WZG16dpgm,11%,,Aktif,,,,Tidak,
Ownerjashujanraf,Fashion,Campaign 1,https://affiliate-id.tokopedia.com/api/v1/share/AJiJ5DvOt7dD,11%,,Aktif,,,,Tidak,
Pigeon Teens,Beauty & Health,HDA X Pigeon Teens,https://affiliate-id.tokopedia.com/api/v1/share/AL0lrn4eyeDA 11%,11%,Ya,Updated,,,,Tidak,10 July 2026
Pigeon Teens,Beauty & Health,HDA X Pigeon Teens,https://affiliate-id.tokopedia.com/api/v1/share/AJpSnzHhfI4R 12%,12%,Ya,Updated,,,,Tidak,10 July 2026
Pramy,Beauty & Health,Campaign 1,https://affiliate-id.tokopedia.com/api/v1/share/AJdH8awkwR3p,11%,,Aktif,,,,Tidak,
RAJA KARPET,Home & Living,Campaign 1,https://affiliate-id.tokopedia.com/api/v1/share/AJHriaKBizbS,11%,,Aktif,,,,Tidak,
Rapatech,Tech,Campaign 1,https://affiliate-id.tokopedia.com/api/v1/share/AJmNy7gFGUfW,11%,,Not Updated,,,,Tidak,
Rifany Hijab,Fashion,Campaign 1,https://affiliate-id.tokopedia.com/api/v1/share/AJmysvNaehfS,11%,,Aktif,,,,Tidak,
Salsa Cosmetics,Beauty & Health,Campaign 1,https://affiliate-id.tokopedia.com/api/v1/share/AKAhHP8OGBo9,11%,,Aktif,,,,Tidak,
Salsa Cosmetics,Beauty & Health,Campaign 2,https://affiliate-id.tokopedia.com/api/v1/share/AKAhKyDseEIZ,12%,,Aktif,,,,Tidak,
Sandy Collection,Home & Living,Campaign 1,https://affiliate-id.tokopedia.com/api/v1/share/AKyUCWKnvwiM,11%,,Aktif,,,,Tidak,
Skin1004,Beauty & Health,Campaign 1,https://affiliate-id.tokopedia.com/api/v1/share/AKBAOv3YrHMQ,11%,,Aktif,,,,Tidak,
Skin1004,Beauty & Health,Campaign 2,https://affiliate-id.tokopedia.com/api/v1/share/AKEQkNJHsWhk,11% 2.0,,Aktif,,,,Tidak,
Skin1004,Beauty & Health,Campaign 3,https://affiliate-id.tokopedia.com/api/v1/share/AKBAKQoR3S79,12%,,Aktif,,,,Tidak,
Skin1004,Beauty & Health,Campaign 4,https://affiliate-id.tokopedia.com/api/v1/share/AKEQpMAav4gy,12% 2.0,,Aktif,,,,Tidak,
Somebymi,Beauty & Health,Campaign 1,https://affiliate-id.tokopedia.com/api/v1/share/AJpU86ip79HO,11%,,Aktif,,,,Tidak,
Somebymi,Beauty & Health,Campaign 2,https://affiliate-id.tokopedia.com/api/v1/share/AJpTbOozSqYr,11% 2.0,,Aktif,,,,Tidak,
Somebymi,Beauty & Health,Campaign 3,https://affiliate-id.tokopedia.com/api/v1/share/AJimxnK9lRPJ,12%,,Aktif,,,,Tidak,
Somebymi,Beauty & Health,Campaign 4,https://affiliate-id.tokopedia.com/api/v1/share/AJimvmppbfDh,12% 2.0,,Aktif,,,,Tidak,
Sulwhasoo,Beauty & Health,Campaign 1,https://affiliate-id.tokopedia.com/api/v1/share/AJSftG4E0W3M,11%,,Aktif,,,,Tidak,
This Is Your,Beauty & Health,BEAUTY SKINCARE X HDA,https://affiliate-id.tokopedia.com/api/v1/share/AKtZXnlgAu9n,11%,,Updated,,,,Tidak,21 July 2026
Torch.id (Fashion Tas),Fashion,Campaign 1,https://affiliate-id.tokopedia.com/api/v1/share/AIyVkHfJKTOH,11%,Ya,Aktif,,,,Tidak,
Valentfashion88,Fashion,Campaign 1,https://affiliate-id.tokopedia.com/api/v1/share/AJl1hQsdoyR2,11%,,Aktif,,,,Tidak,
Yesplus,Tech,Campaign 1,https://affiliate-id.tokopedia.com/api/v1/share/AIxuXT7aqgZO,11%,,Not Updated,,,,Tidak,
Advan Notebook,Tech,Campaign 1,https://affiliate-id.tokopedia.com/api/v1/share/AJwda47ma8Xk,10%,,Updated,,,,Tidak,
Aestetic Gift (Tumbler),Home & Living,Campaign 1,https://affiliate-id.tokopedia.com/api/v1/share/AL6STpQAoJbM,10%,,Aktif,,,,Tidak,
Afish Underwear,Fashion,Campaign 1,https://affiliate-id.tokopedia.com/api/v1/share/AK4cOqhpUC33,10%,,Aktif,,,,Tidak,
Alchemy,Beauty & Health,Campaign 1,https://affiliate-id.tokopedia.com/api/v1/share/AKg1flVy39Fi,10%,,Aktif,,,,Tidak,
Animate,Beauty & Health,Campaign 1,https://affiliate-id.tokopedia.com/api/v1/share/AJlTFuvOepTS,12%,,Aktif,,,,Tidak,
Animate,Beauty & Health,Campaign 2,https://affiliate-id.tokopedia.com/api/v1/share/AK72EI3uDFnr,10%,,Aktif,,,,Tidak,
Animate,Beauty & Health,Campaign 3,https://affiliate-id.tokopedia.com/api/v1/share/AJlTFuvOepTS,12%,,Aktif,,,,Tidak,
Animate,Beauty & Health,Campaign 4,https://affiliate-id.tokopedia.com/api/v1/share/AJMKv5m5PmAo,13%,,Aktif,,,,Tidak,
Azzura,Beauty & Health,Campaign 1,https://affiliate-id.tokopedia.com/api/v1/share/AJutEF2KvTvd,10-13%,,Aktif,,,,Tidak,
Baisisi Bulumata,Beauty & Health,Campaign 1,https://affiliate-id.tokopedia.com/api/v1/share/AJTOHmTr529D,"10,11,12%",,Aktif,,,,Tidak,
BRAVHOM,Home & Living,Campaign 1,https://affiliate-id.tokopedia.com/api/v1/share/AJIN598VOKb6,10%-11%,,Aktif,,,,Tidak,
Carrie Koller,Fashion,Campaign 1,https://affiliate-id.tokopedia.com/api/v1/share/AJNoaVFoMp79,10%,Ya,Aktif,,,,Tidak,
Civago,Home & Living,Campaign 1,https://affiliate-id.tokopedia.com/api/v1/share/AKiwj0A4cFYr,10%,,Aktif,,,,Tidak,
Cooger,Home & Living,Campaign 1,https://affiliate-id.tokopedia.com/api/v1/share/AJIO50Kv8aRF,10%-11%,,Aktif,,,,Tidak,
CUCULEMON,Home & Living,Campaign 1,https://affiliate-id.tokopedia.com/api/v1/share/AL2Tw1FZ1GU1,10%,,Aktif,,,,Tidak,
Cypruz Kitchenware,Home & Living,Campaign 1,https://affiliate-id.tokopedia.com/api/v1/share/AJWu17JwqF0I,10%,,Aktif,,,,Tidak,
Embryolisse,Beauty & Health,Campaign 1,https://affiliate-id.tokopedia.com/api/v1/share/AKg2eOC7GzEh,10-13%,,Aktif,,,,Tidak,
Erspo Official,Fashion,Campaign 1,https://affiliate-id.tokopedia.com/api/v1/share/AJOVFBnmQz5v,10%,Ya,Aktif,,,,Tidak,
Ferger,Beauty & Health,Campaign 1,https://affiliate-id.tokopedia.com/api/v1/share/AIsTqQhZf1A4,10%,,Aktif,,,,Tidak,
Freemir,Home & Living,Campaign 1,https://affiliate-id.tokopedia.com/api/v1/share/AJHra1uclgIQ,10%,,Aktif,,,,Tidak,
Garnier,Beauty & Health,Campaign 1,https://affiliate-id.tokopedia.com/api/v1/share/AKPYbAZ3fErf,10-17%,,Updated,,,,Tidak,
Glamera,Beauty & Health,Campaign 1,https://affiliate-id.tokopedia.com/api/v1/share/AKmAn7ajYwB6,10%,,Aktif,,,,Tidak,
Gloowbi,Beauty & Health,campaign sendiri,https://affiliate-id.tokopedia.com/api/v1/share/AJ0Q5laeeemZ,10%,,Aktif,,,,Tidak,
Gloowbi,Beauty & Health,Campaign 2,https://affiliate-id.tokopedia.com/api/v1/share/AJ0Q5FkBitgP,11%,,Aktif,,,,Tidak,
Gloowbi,Beauty & Health,Campaign 3,https://affiliate-id.tokopedia.com/api/v1/share/AJPi4EvoRKfH,SKU KHUSUS HDA (10%),,Aktif,,,,Tidak,
Gloowbi,Beauty & Health,Campaign 4,https://affiliate-id.tokopedia.com/api/v1/share/AJPhxoqIbn5G,SKU KHUSUS HDA (11%),,Aktif,,,,Tidak,
Goojodoq,Tech,Campaign 1,https://affiliate-id.tokopedia.com/api/v1/share/AKo9e9FE3kgZ,10%,,Updated,,,,Tidak,
Hair Inc,Beauty & Health,Campaign 1,https://affiliate-id.tokopedia.com/api/v1/share/AKmueWfdElmb,10%,,Aktif,,,,Tidak,
House of Ease,Fashion,Campaign 1,https://affiliate-id.tokopedia.com/api/v1/share/AKmvvBtPyyps,10%,Ya,Aktif,,,,Tidak,
HYLE Clothing,Fashion,Campaign 1,https://affiliate-id.tokopedia.com/api/v1/share/AJqE0YsyMIoF,10%,,Aktif,,,,Tidak,
Jas Hujan Raf,Fashion,Campaign 1,https://affiliate-id.tokopedia.com/api/v1/share/AJhj34mikPlg,10%,,Aktif,,,,Tidak,
JIKSO.ID,Fashion,Campaign 1,https://affiliate-id.tokopedia.com/api/v1/share/AJyXuZFwWmRq,10%,,Aktif,,,,Tidak,
Jim's Honey Indonesia,Fashion,Campaign 1,https://affiliate-id.tokopedia.com/api/v1/share/AJyXbMZ783xt,10%,Ya,Aktif,,,,Tidak,
Jim's Honey Indonesia,Fashion,Campaign 2,https://affiliate-id.tokopedia.com/api/v1/share/AJyXbMZ783xt,10%,Ya,Aktif,,,,Tidak,
JOYKO,Home & Living,Campaign 1,https://affiliate-id.tokopedia.com/api/v1/share/AKiE5jGr7Z5H,10%,,Aktif,,,,Tidak,
Judydoll,Beauty & Health,Campaign 1,https://affiliate-id.tokopedia.com/api/v1/share/AJTBNdYN9FVW,10%,,Aktif,,,,Tidak,
Kikoya Snack,Food & FMCG,Campaign 1,https://affiliate-id.tokopedia.com/api/v1/share/AJMIFrhJcTrq,10%,,Aktif,,,,Tidak,
Laneige,Beauty & Health,BEAUTY SKINCARE X HDA,https://affiliate-id.tokopedia.com/api/v1/share/AL82SA6i05ua,10-11%,,Updated,,,,Tidak,21 July 2026
Lotomoto,Home & Living,Campaign 1,https://affiliate-id.tokopedia.com/api/v1/share/AKhthBvCKJBm,10%,,Aktif,,,,Tidak,
Luminetumblr77,Home & Living,Campaign 1,https://affiliate-id.tokopedia.com/api/v1/share/AJSbKblQUgfo,10%,,Aktif,,,,Tidak,
Lunavee,Beauty & Health,Campaign 1,https://affiliate-id.tokopedia.com/api/v1/share/AJX9kBE9aeX4,10-11%,,Aktif,,,,Tidak,
Lunavee,Beauty & Health,Campaign 2,https://affiliate-id.tokopedia.com/api/v1/share/AJgW2MZfDxxL,12%,,Aktif,,,,Tidak,
Madame Gie,Beauty & Health,Beauty 3.0,https://affiliate-id.tokopedia.com/api/v1/share/AL1qiGVUXPcW,10%,,Updated,,,,Tidak,8 July 2026
Mincol Koge,Fashion,Campaign 1,https://affiliate-id.tokopedia.com/api/v1/share/AJybVvLgbBgA,10%,,Aktif,,,,Tidak,
Modofo Official Indonesia,Home & Living,Campaign 1,https://affiliate-id.tokopedia.com/api/v1/share/AJMY0Lt4WM04,10%,,Aktif,,,,Tidak,
MS Glow,Beauty & Health,BEAUTY SKINCARE X HDA,https://affiliate-id.tokopedia.com/api/v1/share/AL9FM5TLwzSP,11%,,Updated,,,,Tidak,7 July 2026
MS Glow,Beauty & Health,Campaign 2,https://affiliate-id.tokopedia.com/api/v1/share/AJuFOjwwn1dV,11%,,Aktif,,,,Tidak,7 July 2026
MS Glow,Beauty & Health,Campaign 3,https://affiliate-id.tokopedia.com/api/v1/share/AJuP7vgSHKgO,10%,,Aktif,,,,Tidak,7 July 2026
Naisday Parfume,Beauty & Health,BEAUTY SKINCARE X HDA,https://affiliate-id.tokopedia.com/api/v1/share/ALAxCwOSsf8G,10-11%,,Updated,,,,Tidak,29 July 2026
Nivea,Beauty & Health,Campaign 1,https://affiliate-id.tokopedia.com/api/v1/share/AJItXPUDRWNZ,10%,,Aktif,,,,Tidak,
Nivea,Beauty & Health,Campaign 2,https://affiliate-id.tokopedia.com/api/v1/share/AJwugsMP9PKX,10%(2.0),,Aktif,,,,Tidak,
Npure,Beauty & Health,Campaign 1,https://affiliate-id.tokopedia.com/api/v1/share/AK6Zk9aowSw3,10%,,Aktif,,,,Tidak,
PRETTYME,Beauty & Health,Campaign 1,https://affiliate-id.tokopedia.com/api/v1/share/AKTIAiQL7iy9,10%,,Aktif,,,,Tidak,
PRETTYME,Beauty & Health,Campaign 2,https://affiliate-id.tokopedia.com/api/v1/share/AKTIBeeuIvNa,11%,,Aktif,,,,Tidak,
PRETTYME,Beauty & Health,Campaign 3,https://affiliate-id.tokopedia.com/api/v1/share/AKTuYLkEL6Ue,12%,,Aktif,,,,Tidak,
Rajagrosir Kit,Fashion,Campaign 1,https://affiliate-id.tokopedia.com/api/v1/share/AK3zONVNwpqx,10%,,Aktif,,,,Tidak,
Reymeera Store,Fashion,Campaign 1,https://affiliate-id.tokopedia.com/api/v1/share/AJcv0Zo9FMG2,10%,,Aktif,,,,Tidak,
Rider (Fashion Pria Dalaman),Fashion,Campaign 1,https://affiliate-id.tokopedia.com/api/v1/share/AJ7sUMpf1R1Z,10-11%,Ya,Aktif,,,,Tidak,
Scarlett,Beauty & Health,Campaign 1,https://affiliate-id.tokopedia.com/api/v1/share/AJaa0YfX1HjA,10%,,Aktif,,,,Tidak,
Scarlett,Beauty & Health,Campaign 2,https://affiliate-id.tokopedia.com/api/v1/share/AJaa0csUhjS8,10% (2.0),,Aktif,,,,Tidak,
SKMEI,Tech,Campaign 1,https://affiliate-id.tokopedia.com/api/v1/share/AJMV6vIBOQJ4,10%,,Aktif,,,,Tidak,
Slavina,Beauty & Health,Campaign 1,https://affiliate-id.tokopedia.com/api/v1/share/AJfmm9e8Io2E,10%,Ya,Aktif,,,,Tidak,
Toothbrush airuidu,Tech,Campaign 1,https://affiliate-id.tokopedia.com/api/v1/share/AKnaYhpecf9j,10%,,Not Updated,,,,Tidak,
Tulandut (Underwear Pria),Fashion,Campaign 1,https://affiliate-id.tokopedia.com/api/v1/share/AJuIEQF7ln4v,10%,,Aktif,,,,Tidak,
Tulandut (Underwear Wanita),Fashion,Campaign 1,https://affiliate-id.tokopedia.com/api/v1/share/AJtPWAZDamhU,10%,,Aktif,,,,Tidak,
Vitalis,Beauty & Health,Campaign 1,https://affiliate-id.tokopedia.com/api/v1/share/AL6OnA4sFiVP,10%,,Aktif,,,,Tidak,
WAGMI (buku Leo_Geovanii),Tech,Campaign 1,https://affiliate-id.tokopedia.com/api/v1/share/AJLoojtwHIhZ,10%,,Aktif,,,,Tidak,
YOU (Hebe),Beauty & Health,Campaign 1,https://affiliate-id.tokopedia.com/api/v1/share/AKAgbsRgxhEc,10-11%,,Aktif,,,,Tidak,
Youware,Home & Living,Campaign 1,https://affiliate-id.tokopedia.com/api/v1/share/AJLTaJ7aZkLf,10%,,Aktif,,,,Tidak,
Advance,Tech,Campaign 1,https://affiliate-id.tokopedia.com/api/v1/share/AJ0Q8nOIOC5t,9%,,Updated,,,,Tidak,
Amilio House,Home & Living,Campaign 1,https://affiliate-id.tokopedia.com/api/v1/share/AJMXvFvXYYLY,9%-11%,,Aktif,,,,Tidak,
Azarine,Beauty & Health,Campaign 1,https://affiliate-id.tokopedia.com/api/v1/share/AKdIWTqUD1N3,9%,,Aktif,,,,Tidak,
Azarine,Beauty & Health,Campaign 2,https://affiliate-id.tokopedia.com/api/v1/share/AKdIWi2Kw999,10%,,Aktif,,,,Tidak,
BARBER DAILY,Beauty & Health,HDA X Makarizo,https://affiliate-id.tokopedia.com/api/v1/share/AKZh5XIDdLKe,9%,,Updated,,,,Tidak,8 July 2026
Barenbliss (Hebe),Beauty & Health,Campaign 1,https://affiliate-id.tokopedia.com/api/v1/share/AJtzeG1znVz9,9%,,Aktif,,,,Tidak,
Barenbliss (Hebe),Beauty & Health,Campaign 2,https://affiliate-id.tokopedia.com/api/v1/share/AJtzgHdzvPD9,9% 2.0,,Aktif,,,,Tidak,
Barenbliss (Hebe),Beauty & Health,Campaign 3,https://affiliate-id.tokopedia.com/api/v1/share/AJqEvIoZGNsN,10%,,Aktif,,,,Tidak,
Barenbliss (Hebe),Beauty & Health,Campaign 4,https://affiliate-id.tokopedia.com/api/v1/share/AJtzfqkUFozl,10% 2.0,,Aktif,,,,Tidak,
Bluebutton,Fashion,Campaign 1,https://affiliate-id.tokopedia.com/api/v1/share/AJhLMgSNxyW2,9%,Ya,Aktif,,,,Tidak,
Capykit,Home & Living,Campaign 1,https://affiliate-id.tokopedia.com/api/v1/share/AKWZw7jw6iZL,9%,,Aktif,,,,Tidak,
Clear,Beauty & Health,Campaign 1,https://affiliate-id.tokopedia.com/api/v1/share/AKfQK3dHOFql,9-17%,,Aktif,,,,Tidak,
Conley Shop,Food & FMCG,Campaign 1,https://affiliate-id.tokopedia.com/api/v1/share/AJ818AEB7dEz,9%,,Aktif,,,,Tidak,
Conley Shop,Food & FMCG,Campaign 2,https://affiliate-id.tokopedia.com/api/v1/share/AJ8194IEuM8o,10%,,Aktif,,,,Tidak,
Corolla (Fashion Sepatu),Fashion,Campaign 1,https://affiliate-id.tokopedia.com/api/v1/share/AIsIpczSqds5,9%,Ya,Aktif,,,,Tidak,
Deoxide,Beauty & Health,Campaign 1,https://affiliate-id.tokopedia.com/api/v1/share/AKo4EJq0drtX,9%,,Aktif,,,,Tidak,
DiliDili.Shop,Food & FMCG,Campaign 1,https://affiliate-id.tokopedia.com/api/v1/share/AJ7uR5g687Dx,9%,,Aktif,,,,Tidak,
DiliDili.Shop,Food & FMCG,Campaign 2,https://affiliate-id.tokopedia.com/api/v1/share/AJ7uR9OZaglG,10%,,Aktif,,,,Tidak,
Facetology,Beauty & Health,Campaign 1,https://affiliate-id.tokopedia.com/api/v1/share/AKbkSN1wNgqy,9%,,Aktif,,,,Tidak,
Facetology,Beauty & Health,Campaign 2,https://affiliate-id.tokopedia.com/api/v1/share/AKPRPjQcwuYJ,10%,,Aktif,,,,Tidak,
Gogotales,Beauty & Health,Campaign 1,https://affiliate-id.tokopedia.com/api/v1/share/AJ62ReakimXQ,9%,,Aktif,,,,Tidak,
Golden Home Living,Home & Living,Campaign 1,https://affiliate-id.tokopedia.com/api/v1/share/AJIXZK4sprMG,9%-17%,,Aktif,,,,Tidak,
goojodoq store,Home & Living,Campaign 1,https://affiliate-id.tokopedia.com/api/v1/share/AJJde7fZZtgg,9%,,Aktif,,,,Tidak,
Hadalabo,Beauty & Health,Campaign 1,https://affiliate-id.tokopedia.com/api/v1/share/AKZlKZpS3HRY,9%,,Aktif,,,,Tidak,
Harifa Batik (Seller Campaign),Fashion,Campaign 1,https://affiliate-id.tokopedia.com/api/v1/share/AJQ7jtSyfEYW,9%,Ya,Aktif,,,,Tidak,
HNH,Beauty & Health,Campaign 1,https://affiliate-id.tokopedia.com/api/v1/share/AJJ2BHEQfcdP,9%,,Aktif,,,,Tidak,
Homeware.hw,Home & Living,Campaign 1,https://affiliate-id.tokopedia.com/api/v1/share/AJcHhYD8w4nK,9%,,Aktif,,,,Tidak,
Labore(Paragon),Beauty & Health,HDA X LABORE,https://affiliate-id.tokopedia.com/api/v1/share/AItwY3yFXNQY,9-10%,,Updated,,,,Tidak,7 July 2026
Louis Store (Sama),Fashion,Campaign 1,https://affiliate-id.tokopedia.com/api/v1/share/AJEn0jFLxG7a,9-10%,Ya,Aktif,,,,Tidak,
Melano,Beauty & Health,Campaign 1,https://affiliate-id.tokopedia.com/api/v1/share/AKkB2BlJnvnH,9%,,Aktif,,,,Tidak,
Mercon Merah Putih,Food & FMCG,Campaign 1,https://affiliate-id.tokopedia.com/api/v1/share/AJIW3NmJWuNG,9%,,Aktif,,,,Tidak,
Mercon Merah Putih,Food & FMCG,Campaign 2,https://affiliate-id.tokopedia.com/api/v1/share/AJIW4kjHpIqG,10%,,Aktif,,,,Tidak,
Mercon Merah Putih,Food & FMCG,Campaign 3,https://affiliate-id.tokopedia.com/api/v1/share/AJIW5ainqF0w,9%,,Aktif,,,,Tidak,
Mercon Merah Putih,Food & FMCG,Campaign 4,https://affiliate-id.tokopedia.com/api/v1/share/AJIW5GDWXiF7,10%,,Aktif,,,,Tidak,
MITALI,Fashion,Campaign 1,https://affiliate-id.tokopedia.com/api/v1/share/AJRS17Rh16E5,9%,,Aktif,,,,Tidak,
NCO Parfume,Beauty & Health,BEAUTY SKINCARE X HDA,https://affiliate-id.tokopedia.com/api/v1/share/AL7h9uMYnMwy,9%,,Updated,,,,Tidak,21 July 2026
OMG(Paragon),Beauty & Health,HDA X OMG,https://affiliate-id.tokopedia.com/api/v1/share/AJtWDXE7ww2O,9%,,Updated,,,,Tidak,7 July 2026
Oversized Outfit Hub (Fashion Unisex condong Wanita),Fashion,Campaign 1,https://affiliate-id.tokopedia.com/api/v1/share/AJDb0DwCTtAG,9-10%,Ya,Aktif,,,,Tidak,
Pinkflash,Beauty & Health,Campaign 1,https://affiliate-id.tokopedia.com/api/v1/share/AJSvSRuNI1C5,9-10%,,Aktif,,,,Tidak,
Pol Perabot,Home & Living,Campaign 1,https://affiliate-id.tokopedia.com/api/v1/share/AJHrgjKVVKxx,9%,,Aktif,,,,Tidak,
Ponds,Beauty & Health,Campaign 1,https://affiliate-id.tokopedia.com/api/v1/share/AKg2IFT6tfVN,9-13%,,Aktif,,,,Tidak,
Roona.id,Beauty & Health,Campaign 1,https://affiliate-id.tokopedia.com/api/v1/share/AJ4JqbgJxg0H,9%,,Aktif,,,,Tidak,
Russ and Co (Fashion Pria),Fashion,Campaign 1,https://affiliate-id.tokopedia.com/api/v1/share/AJ22shIK7auz,9%,,Aktif,,,,Tidak,
Scarlett Parfume,Beauty & Health,Campaign 1,https://affiliate-id.tokopedia.com/api/v1/share/AJQfLzPOGt11,9%,,Aktif,,,,Tidak,
Scora,Beauty & Health,Campaign 1,https://affiliate-id.tokopedia.com/api/v1/share/AKGLjHeiAchc,9%,,Aktif,,,,Tidak,
Scora,Beauty & Health,Campaign 2,https://affiliate-id.tokopedia.com/api/v1/share/AK93leoVjIM8,10%,,Aktif,,,,Tidak,
SeaGloca.ID (Fashion Tas),Fashion,Campaign 1,https://affiliate-id.tokopedia.com/api/v1/share/AJFg1G5IQbhq,9-10%,Ya,Aktif,,,,Tidak,
Skin Aqua,Beauty & Health,Campaign 1,https://affiliate-id.tokopedia.com/api/v1/share/AKZlQMMIcude,9-10%,,Aktif,,,,Tidak,
slide & co,Fashion,Campaign 1,https://affiliate-id.tokopedia.com/api/v1/share/AJU8vOKihF6R,9%,,Aktif,,,,Tidak,
Stacey New,Beauty & Health,BEAUTY SKINCARE X HDA,https://affiliate-id.tokopedia.com/api/v1/share/AL0yrU7qdbQ8,"9,10,11,12%",,Updated,,,,Tidak,6 Juli 2026
Tiktok Rumahku ID,Home & Living,Campaign 1,https://affiliate-id.tokopedia.com/api/v1/share/AJJbsIvI0tk8,9%,,Aktif,,,,Tidak,
Veet,Beauty & Health,Campaign 1,https://affiliate-id.tokopedia.com/api/v1/share/AJHrssMKwh3v,9%,,Aktif,,,,Tidak,
Xora Hijab,Fashion,Campaign 1,https://affiliate-id.tokopedia.com/api/v1/share/AJoxkzsfu4M1,9%,,Aktif,,,,Tidak,
Acnes,Beauty & Health,Campaign 1,https://affiliate-id.tokopedia.com/api/v1/share/AKZlWuRv9zEX,8-9%,,Aktif,,,,Tidak,
BLP,Beauty & Health,Campaign 1,https://affiliate-id.tokopedia.com/api/v1/share/AKkAyZQyIN6S,8%,,Aktif,,,,Tidak,
BMW Kitchen,Home & Living,Campaign 1,https://affiliate-id.tokopedia.com/api/v1/share/AJQNyeo4Ce59,8%,,Aktif,,,,Tidak,
BOJ (Beauty of jeaoson),Beauty & Health,Campaign 1,https://affiliate-id.tokopedia.com/api/v1/share/AKg2zNOJkSov,8%,,Aktif,,,,Tidak,
CANI (men),Fashion,Campaign 1,https://affiliate-id.tokopedia.com/api/v1/share/AJtS9RsdlXyA,8%,,Aktif,,,,Tidak,
CBD shampoo,Beauty & Health,Victory Care Indonesia X HDA,https://affiliate-id.tokopedia.com/api/v1/share/AJ0qXRItCH7F,8%,,Updated,,,,Tidak,29 July 2026
Cubbie Shop,Home & Living,Campaign 1,https://affiliate-id.tokopedia.com/api/v1/share/AJKCLpCAODH4,8%,,Aktif,,,,Tidak,
Dragonshop77,Home & Living,Campaign 1,https://affiliate-id.tokopedia.com/api/v1/share/AKX3y9ODHyNh,8%-10%,,Aktif,,,,Tidak,
Earth Love Life (Paragon),Beauty & Health,Campaign 1,https://affiliate-id.tokopedia.com/api/v1/share/AJTOnQjjQrZU,8%,,Aktif,,,,Tidak,
Ecentio,Home & Living,Campaign 1,https://affiliate-id.tokopedia.com/api/v1/share/AJHrekuyYrjA,8%,,Aktif,,,,Tidak,
EGLUX,Home & Living,Campaign 1,https://affiliate-id.tokopedia.com/api/v1/share/AKBzyfrjwMQD,8%-10%,,Aktif,,,,Tidak,
elsheskin,Beauty & Health,Campaign 1,https://affiliate-id.tokopedia.com/api/v1/share/AJydfhlRAdn2,8%,,Aktif,,,,Tidak,
Evangeline Perfume,Beauty & Health,Campaign 1,https://affiliate-id.tokopedia.com/api/v1/share/AJWZvngEzho4 8%,8%,,Aktif,,,,Tidak,
Evangeline Perfume,Beauty & Health,Campaign 2,https://affiliate-id.tokopedia.com/api/v1/share/AJWsUUNyNq4v 9%,,,Aktif,,,,Tidak,
Finally Found You (FFY),Beauty & Health,Campaign 1,https://affiliate-id.tokopedia.com/api/v1/share/AKr5pMRZp47u,8%,,Updated,,,,Tidak,
Finally Found You (FFY),Beauty & Health,Campaign 2,https://affiliate-id.tokopedia.com/api/v1/share/AKr5vxAHBcwU,8% (2.0),,Aktif,,,,Tidak,
Finally Found You (FFY),Beauty & Health,Campaign 3,https://affiliate-id.tokopedia.com/api/v1/share/AKr9G4aPchOT,8% (3.0),,Aktif,,,,Tidak,
Franwell V380 CCTV,Tech,Campaign 1,https://affiliate-id.tokopedia.com/api/v1/share/AKo9p6eOO891,8%,,Updated,,,,Tidak,
Gehel,Food & FMCG,Campaign 1,https://affiliate-id.tokopedia.com/api/v1/share/AJIW9eawQ7Yp,8%,,Aktif,,,,Tidak,
Glad2Glow,Beauty & Health,Campaign 1,https://affiliate-id.tokopedia.com/api/v1/share/AKPynpUPgTKP,8%,,Aktif,,,,Tidak,
Glad2Glow,Beauty & Health,Campaign 2,https://affiliate-id.tokopedia.com/api/v1/share/AKPylu25i8tO,8% (2.0),,Aktif,,,,Tidak,
Glad2Glow,Beauty & Health,campaign sendiri,https://affiliate-id.tokopedia.com/api/v1/share/AKPyyLnDiDhU,8% (3.0),,Aktif,,,,Tidak,
Glad2Glow,Beauty & Health,Campaign 4,https://affiliate-id.tokopedia.com/api/v1/share/AKPz4BPmP6Fp,9%,,Aktif,,,,Tidak,
Glad2Glow,Beauty & Health,Campaign 5,https://affiliate-id.tokopedia.com/api/v1/share/AKPz4yxXLUP7,9% (2.0),,Aktif,,,,Tidak,
Glad2Glow,Beauty & Health,Campaign 6,https://affiliate-id.tokopedia.com/api/v1/share/AKPzI0bvQu2E,9% (3.0),,Aktif,,,,Tidak,
Glow FX,Beauty & Health,Campaign 1,https://affiliate-id.tokopedia.com/api/v1/share/AK7PJMf3uQXk,8%,,Aktif,,,,Tidak,
Glow FX,Beauty & Health,Campaign 2,https://affiliate-id.tokopedia.com/api/v1/share/AJKPLRHHDxAc,10%,,Aktif,,,,Tidak,
Goto Living,Home & Living,Campaign 1,https://affiliate-id.tokopedia.com/api/v1/share/AJIMqRNFNSlF,8%,,Aktif,,,,Tidak,
Hale Parfume,Beauty & Health,Campaign 1,https://affiliate-id.tokopedia.com/api/v1/share/AJEJlfYqXZT3,8-9%,,Aktif,,,,Tidak,
Haocek,Beauty & Health,Campaign 1,https://affiliate-id.tokopedia.com/api/v1/share/AJMqMbYrhq6f,8%-11%,,Aktif,,,,Tidak,
Happy Family Storee,Home & Living,Campaign 1,https://affiliate-id.tokopedia.com/api/v1/share/AJLRu3Yts3ez,8%,,Aktif,,,,Tidak,
Hint,Beauty & Health,Campaign 1,https://affiliate-id.tokopedia.com/api/v1/share/AKg1r7NpYMu7,8%,,Aktif,,,,Tidak,
Hyundai Shaver,Tech,Campaign 1,https://affiliate-id.tokopedia.com/api/v1/share/AKEYIxXexZlB,8%,,Not Updated,,,,Tidak,
Implora,Beauty & Health,Campaign 1,https://affiliate-id.tokopedia.com/api/v1/share/AL6OxJdyVT8r,8-11%,,Updated,,,,Tidak,17 July 2026
KIIP Lifestyle,Tech,Campaign 1,https://affiliate-id.tokopedia.com/api/v1/share/AJqu1lU3CXGT,8-11%,,Updated,,,,Tidak,
LIBY,Home & Living,Campaign 1,https://affiliate-id.tokopedia.com/api/v1/share/AJBENyafLhUm,8%,,Aktif,,,,Tidak,
Lightplus,Beauty & Health,Haluan Digital Agency x Beauty 3.0,https://affiliate-id.tokopedia.com/api/v1/share/AL7Q3Clvt5aM,8%,,Updated,,,,Tidak,9 July 2026
Lip Ice,Beauty & Health,Campaign 1,https://affiliate-id.tokopedia.com/api/v1/share/AKZlX0kuVZI0,8%,,Aktif,,,,Tidak,
Maange,Beauty & Health,Campaign 1,https://affiliate-id.tokopedia.com/api/v1/share/ALDEpZ5gVWSy,8%,,Updated,,,,Tidak,
Madia Kitchenware,Home & Living,Campaign 1,https://affiliate-id.tokopedia.com/api/v1/share/AKz0Z1hLbPwU,8%-9%,,Aktif,,,,Tidak,
Majestic Karpet,Home & Living,Campaign 1,https://affiliate-id.tokopedia.com/api/v1/share/AJQNzTXK9Xhm,8%,,Aktif,,,,Tidak,
MARS Store,Home & Living,Campaign 1,https://affiliate-id.tokopedia.com/api/v1/share/AKu9Kgmiupsn,8%,,Aktif,,,,Tidak,
MAXIM,Home & Living,Campaign 1,https://affiliate-id.tokopedia.com/api/v1/share/AKOP1D4sg8Po,8%,,Aktif,,,,Tidak,
MINISO,Beauty & Health,Campaign 1,https://affiliate-id.tokopedia.com/api/v1/share/AKJwLRZ0iLFI,8-10%,,Aktif,,,,Tidak,
Miranda,Beauty & Health,Campaign 1,https://affiliate-id.tokopedia.com/api/v1/share/AJ0qW3amO9RO,8%,,Aktif,,,,Tidak,
MOMELCA,Fashion,Campaign 1,https://affiliate-id.tokopedia.com/api/v1/share/AJRRhev962og,8%,Ya,Aktif,,,,Tidak,
Morris,Beauty & Health,Campaign 1,https://affiliate-id.tokopedia.com/api/v1/share/AJU7gET43JZs 8%,8%,,Aktif,,,,Tidak,
Morris,Beauty & Health,Campaign 2,https://affiliate-id.tokopedia.com/api/v1/share/AK17PHzSvffN 10%,10%,,Aktif,,,,Tidak,
Nuface,Beauty & Health,Campaign 1,https://affiliate-id.tokopedia.com/api/v1/share/AJ0qWciR5NSb,8%,,Aktif,,,,Tidak,
Olike,Tech,Campaign 1,https://affiliate-id.tokopedia.com/api/v1/share/AKmUdbmbAHfQ,8-10%,,Updated,,,,Tidak,
OMI lunchbox,Home & Living,Campaign 1,https://affiliate-id.tokopedia.com/api/v1/share/AKhUKqmTpCgU,8%,,Aktif,,,,Tidak,
PURBASARI,Beauty & Health,BEAUTY SKINCARE X HDA,https://affiliate-id.tokopedia.com/api/v1/share/AL2WC7oprDSw,"8,10,11%",,Updated,,,,Tidak,9 July 2026
PURBASARI (2.0),Beauty & Health,Haluan Digital Agency x Beauty 3.0,https://affiliate-id.tokopedia.com/api/v1/share/AL2WM5lBpGEM,"8,10,11%",,Updated,,,,Tidak,9 July 2026
River Light,Home & Living,Campaign 1,https://affiliate-id.tokopedia.com/api/v1/share/AJLHm9dX46tp,8%-10%,,Aktif,,,,Tidak,
Rusel.Co (Fashion Tas Pria),Fashion,Campaign 1,https://affiliate-id.tokopedia.com/api/v1/share/AJ0dGtpL3P1r,8%,Ya,Aktif,,,,Tidak,
Samono Indonesia,Home & Living,Campaign 1,https://affiliate-id.tokopedia.com/api/v1/share/AJHgvbIL67Jt,8%,,Aktif,,,,Tidak,
Secret Clean,Beauty & Health,Victory Care Indonesia X HDA,https://affiliate-id.tokopedia.com/api/v1/share/AKyzvos4iLUf,8-9%,,Updated,,,,Tidak,29 July 2026
Skin Game,Beauty & Health,Campaign 1,https://affiliate-id.tokopedia.com/api/v1/share/AIqorbme11Gx,8-11%,,Aktif,,,,Tidak,
Skintific,Beauty & Health,Campaign 1,https://affiliate-id.tokopedia.com/api/v1/share/AJeTXwrqjbEo,8%,,Aktif,,,,Tidak,
Skintific,Beauty & Health,Campaign 2,https://affiliate-id.tokopedia.com/api/v1/share/AKVkDZKBBgk6,8% (2.0),,Aktif,,,,Tidak,
Skintific,Beauty & Health,Campaign 3,https://affiliate-id.tokopedia.com/api/v1/share/AKSxloYWLsPH,9%,,Aktif,,,,Tidak,
Skintific,Beauty & Health,Campaign 4,https://affiliate-id.tokopedia.com/api/v1/share/AKSxlcbITR1K,9% (2.0),,Aktif,,,,Tidak,
Skintific,Beauty & Health,Campaign 5,https://affiliate-id.tokopedia.com/api/v1/share/AKSy1pk7xDQ8,10%,,Aktif,,,,Tidak,
Skintific,Beauty & Health,Campaign 6,https://affiliate-id.tokopedia.com/api/v1/share/AKSxxrq9xQia,10% 2.0,,Aktif,,,,Tidak,
Suprice Store,Home & Living,Campaign 1,https://affiliate-id.tokopedia.com/api/v1/share/AJcELBagGQM7,8%,,Aktif,,,,Tidak,
Swisse vitamin- Indonesia,Beauty & Health,Campaign 1,https://affiliate-id.tokopedia.com/api/v1/share/AK8XlLdJVrMk,8%,,Aktif,,,,Tidak,
The originote,Beauty & Health,Campaign 1,https://affiliate-id.tokopedia.com/api/v1/share/AL9CMSpfWwGv,8%,,Updated,,,,Tidak,
Torriden,Beauty & Health,Campaign 1,https://affiliate-id.tokopedia.com/api/v1/share/AJShwpUMk773,8%,,Aktif,,,,Tidak,
Usmile,Beauty & Health,Campaign 1,https://affiliate-id.tokopedia.com/api/v1/share/AJXEcSdw410f,8%,,Aktif,,,,Tidak,
XMVP,Home & Living,Campaign 1,https://affiliate-id.tokopedia.com/api/v1/share/AJOo2wOpYniv,8%-9%,,Aktif,,,,Tidak,
YESALL,Home & Living,Campaign 1,https://affiliate-id.tokopedia.com/api/v1/share/AKtdDQ5xE4Ej,8%,,Aktif,,,,Tidak,
Zinus Indonesia,Home & Living,Campaign 1,https://affiliate-id.tokopedia.com/api/v1/share/AJWsuVZkfpzb,8%,,Aktif,,,,Tidak,
3CE,Beauty & Health,Campaign 1,https://affiliate-id.tokopedia.com/api/v1/share/AKZoxLVgkEwv,7-10%,,Aktif,,,,Tidak,
Acento,Home & Living,Campaign 1,https://affiliate-id.tokopedia.com/api/v1/share/AJkCRYxGWRWF,7%,,Aktif,,,,Tidak,
Advance Store,Home & Living,Campaign 1,https://affiliate-id.tokopedia.com/api/v1/share/AK090wshvyVj,7%-9%,,Aktif,,,,Tidak,
Aolon,Tech,Campaign 1,https://affiliate-id.tokopedia.com/api/v1/share/AJOB8OBa7S3d,7%,,Aktif,,,,Tidak,
AOYAMA,Home & Living,Campaign 1,https://affiliate-id.tokopedia.com/api/v1/share/AJpr6pi1NQU8,7%,,Aktif,,,,Tidak,
Baseus,Tech,Campaign 1,https://affiliate-id.tokopedia.com/api/v1/share/AJcE3bkVFBaS,7%,,Updated,,,,Tidak,
BONBOX,Home & Living,Campaign 1,https://affiliate-id.tokopedia.com/api/v1/share/AKNyZVGTwyuL,7%,,Aktif,,,,Tidak,
Braven,Beauty & Health,HALUAN DIGITAL x PERFUME BRANDS,https://affiliate-id.tokopedia.com/api/v1/share/AL9CDzQ2cICR,7%,,Updated,,,,Tidak,7 July 2026
Buttered,Beauty & Health,Campaign 1,https://affiliate-id.tokopedia.com/api/v1/share/AKbii2hdciK3,7%,,Aktif,,,,Tidak,
Cerave,Beauty & Health,Campaign 1,https://affiliate-id.tokopedia.com/api/v1/share/AKLE67mQEdw5,7%,,Aktif,,,,Tidak,
Cerave,Beauty & Health,Campaign 2,https://affiliate-id.tokopedia.com/api/v1/share/AKLE9Wvp5tv0,8%,,Aktif,,,,Tidak,
Charm Unicharm,Food & FMCG,Campaign 1,https://affiliate-id.tokopedia.com/api/v1/share/AJGPBIOB3gYJ,7%,,Aktif,,,,Tidak,
CPM,Home & Living,Campaign 1,https://affiliate-id.tokopedia.com/api/v1/share/AJmHtaTY6Z5u,7%,,Aktif,,,,Tidak,
Dasterbeauty,Fashion,Campaign 1,https://affiliate-id.tokopedia.com/api/v1/share/AJbAH4zxoVn8,7%,Ya,Aktif,,,,Tidak,
Dazzle me,Beauty & Health,Campaign 1,https://affiliate-id.tokopedia.com/api/v1/share/AJruQazergBN,7-9%,,Aktif,,,,Tidak,
Dazzle Me (Hebe),Beauty & Health,Campaign 1,https://affiliate-id.tokopedia.com/api/v1/share/AJruQazergBN,7-8%,,Aktif,,,,Tidak,
ETIFE,Home & Living,Campaign 1,https://affiliate-id.tokopedia.com/api/v1/share/AKteY6OIYxKF,7%-11%,,Aktif,,,,Tidak,
Facerinna,Beauty & Health,Campaign 1,https://affiliate-id.tokopedia.com/api/v1/share/AK9uZhrFExtk,7%,,Aktif,,,,Tidak,
Facerinna,Beauty & Health,Campaign 2,https://affiliate-id.tokopedia.com/api/v1/share/AK9rcomTzuTB,8%,,Aktif,,,,Tidak,
For Love & Lemons,Fashion,Campaign 1,https://affiliate-id.tokopedia.com/api/v1/share/AJU8uzzXcSXk,7%,,Aktif,,,,Tidak,
Gaabor,Home & Living,Campaign 1,https://affiliate-id.tokopedia.com/api/v1/share/AJIO5VIP74at,7%,,Aktif,,,,Tidak,
Glamazing,Beauty & Health,Campaign 1,https://affiliate-id.tokopedia.com/api/v1/share/AJTNbVDC6gj3,7-9%,,Aktif,,,,Tidak,
Herborist,Beauty & Health,Campaign 1,https://affiliate-id.tokopedia.com/api/v1/share/AJMofQ7VgtrM,7%,,Aktif,,,,Tidak,
KAHI,Beauty & Health,Campaign 1,https://affiliate-id.tokopedia.com/api/v1/share/AJQ8FtuHzlAM,15%,,Aktif,,,,Tidak,
KAHI,Beauty & Health,Campaign 2,https://affiliate-id.tokopedia.com/api/v1/share/AJQ8FtuHzlAM,7%,,Aktif,,,,Tidak,
Lacera,Beauty & Health,Campaign 1,https://affiliate-id.tokopedia.com/api/v1/share/AKg0bu9TL0SI,7%,,Aktif,,,,Tidak,
Lauskin,Beauty & Health,Campaign 1,https://affiliate-id.tokopedia.com/api/v1/share/AItDAJKmR5Hr,7-13%,,Aktif,,,,Tidak,
LeDingDing,Home & Living,Campaign 1,https://affiliate-id.tokopedia.com/api/v1/share/AJHiVPEAOVte,7%-9%,,Aktif,,,,Tidak,
LeDingDing,Home & Living,Campaign 2,https://affiliate-id.tokopedia.com/api/v1/share/AJIMymotJ0yg,12%,,Aktif,,,,Tidak,
Lifree Unicharm,Food & FMCG,Campaign 1,https://affiliate-id.tokopedia.com/api/v1/share/AJGP9xP4Ry0h,7%,,Aktif,,,,Tidak,
LRP / La Roche Posay,Beauty & Health,Campaign 1,https://affiliate-id.tokopedia.com/api/v1/share/AKLE5kQIpwxT,7%,,Aktif,,,,Tidak,
LRP / La Roche Posay,Beauty & Health,Campaign 2,https://affiliate-id.tokopedia.com/api/v1/share/AKLE5tvE6Bcs,8%,,Aktif,,,,Tidak,
MAHI Buavita,Food & FMCG,Campaign 1,https://affiliate-id.tokopedia.com/api/v1/share/AJHu7m9TKflC,7%,,Aktif,,,,Tidak,
MAHI Royco,Food & FMCG,Campaign 1,https://affiliate-id.tokopedia.com/api/v1/share/AJHu2DCguQXQ,7%,,Aktif,,,,Tidak,
MAHI Sariwangi,Food & FMCG,Campaign 1,https://affiliate-id.tokopedia.com/api/v1/share/AJHu5woyIdkB,7%,,Aktif,,,,Tidak,
MINISO (HL),Home & Living,Campaign 1,https://affiliate-id.tokopedia.com/api/v1/share/AJJbpRxTEjDI,7%-12%,,Aktif,,,,Tidak,
Mukena Aminah,Fashion,Campaign 1,https://affiliate-id.tokopedia.com/api/v1/share/AJiNjw9aumhc,7%,Ya,Aktif,,,,Tidak,
PERO Indonesia,Home & Living,Campaign 1,https://affiliate-id.tokopedia.com/api/v1/share/AJrqQg4VF14r,7%,,Aktif,,,,Tidak,
Porto X,Fashion,Campaign 1,https://affiliate-id.tokopedia.com/api/v1/share/AJR4f3gZvCgg,7%,Ya,Aktif,,,,Tidak,
Rituals Food,Food & FMCG,Campaign 1,https://affiliate-id.tokopedia.com/api/v1/share/AJJ3iytCgjAl,7%,,Aktif,,,,Tidak,
Samonomart.id,Home & Living,Campaign 1,https://affiliate-id.tokopedia.com/api/v1/share/AL9DvbEhw0VU,7%,,samono indonesia & samonomart.id,,,,Tidak,
Scentplus,Beauty & Health,Campaign 1,https://affiliate-id.tokopedia.com/api/v1/share/AJ0psxlxwjo9,7%,,Aktif,,,,Tidak,
Seaways,Home & Living,Campaign 1,https://affiliate-id.tokopedia.com/api/v1/share/AJuqFzBrZAYM,7%,,Aktif,,,,Tidak,
Somethinc,Beauty & Health,Campaign 1,https://affiliate-id.tokopedia.com/api/v1/share/AKsFY7ysZ2gQ,7-15%,,Aktif,,,,Tidak,
Timephoria,Beauty & Health,HDA X Timephoria,https://affiliate-id.tokopedia.com/api/v1/share/AKF6seZTX7Ew,7%,,Updated,,,,Tidak,10 July 2026
TORRAS,Tech,Campaign 1,https://affiliate-id.tokopedia.com/api/v1/share/AJluvAwUki15,7%,,Not Updated,,,,Tidak,
Tresemme,Beauty & Health,Campaign 1,https://affiliate-id.tokopedia.com/api/v1/share/AKfQDEhFBGRh,7-17%,,Aktif,,,,Tidak,
UCLOUDSOME,Home & Living,Campaign 1,https://affiliate-id.tokopedia.com/api/v1/share/AKhS2PS23CZo,7%-9%,,Aktif,,,,Tidak,
Ugreen,Tech,Campaign 1,https://affiliate-id.tokopedia.com/api/v1/share/AJSUWQO83GeB,7-12%,,Updated,,,,Tidak,
Unitwo.id,Home & Living,Campaign 1,https://affiliate-id.tokopedia.com/api/v1/share/AJtmgipCgZub,7%-10%,,Aktif,,,,Tidak,
Whiteinc,Beauty & Health,Campaign 1,https://affiliate-id.tokopedia.com/api/v1/share/AJfA2BLkRyoQ,7%,,Aktif,,,,Tidak,
Whiteinc,Beauty & Health,Campaign 2,https://affiliate-id.tokopedia.com/api/v1/share/AJWV6cVGQwZQ,8%,,Aktif,,,,Tidak,
Whiteinc,Beauty & Health,Campaign 3,https://affiliate-id.tokopedia.com/api/v1/share/AJVSg9KkWmy5,10% (khusus top),,Aktif,,,,Tidak,
YNM,Beauty & Health,Campaign 1,https://affiliate-id.tokopedia.com/api/v1/share/AJ69vbjuE9o7,7%,,Aktif,,,,Tidak,
ZOOZY,Fashion,Campaign 1,https://affiliate-id.tokopedia.com/api/v1/share/AJbQOXeKkMXO,7%,Ya,Aktif,,,,Tidak,
Altri Kids,Fashion,Campaign 1,https://affiliate-id.tokopedia.com/api/v1/share/AK13PTFHCz7x,6%,,Aktif,,,,Tidak,
Altri Women,Fashion,Campaign 1,https://affiliate-id.tokopedia.com/api/v1/share/AK13HWCOGp88,6%,,Aktif,,,,Tidak,
Baby Bombbear,Fashion,Campaign 1,https://affiliate-id.tokopedia.com/api/v1/share/AJVfKsGcAhmd,6%,,Aktif,,,,Tidak,
Bardi,Tech,Campaign 1,https://affiliate-id.tokopedia.com/api/v1/share/AKfN9RItg3o9,6%,,Aktif,,,,Tidak,
Casellla Apparell,Fashion,Campaign 1,https://affiliate-id.tokopedia.com/api/v1/share/AJbCBAgLANlo,6%,,Aktif,,,,Tidak,
CUIT BABYWEAR,Fashion,Campaign 1,https://affiliate-id.tokopedia.com/api/v1/share/AJKDqALjfhwS,6%,Ya,Aktif,,,,Tidak,
D'Alba,Beauty & Health,Campaign 1,https://affiliate-id.tokopedia.com/api/v1/share/AKPPSSCKL0Mq,6%,,Aktif,,,,Tidak,
Deviling,Home & Living,Campaign 1,"https://affiliate-id.tokopedia.com/api/v1/share/AK21kErQs5gp
https://affiliate-id.tokopedia.com/api/v1/share/AK21oamX1aqH",6%-9%,,Aktif,,,,Tidak,
DYSON,Home & Living,Campaign 1,https://affiliate-id.tokopedia.com/api/v1/share/AKuCMBW4UI9L,6%,,Aktif,,,,Tidak,
Focalure,Beauty & Health,Haluan Digital Agency x Beauty 3.0,https://affiliate-id.tokopedia.com/api/v1/share/AL2Va481lXOA,6-8%,,Updated,,,,Tidak,9 July 2026
Gain Yum,Food & FMCG,Campaign 1,https://affiliate-id.tokopedia.com/api/v1/share/AJOmujgV4rxp,6%,,Aktif,,,,Tidak,
Gain Yum,Food & FMCG,Campaign 2,https://affiliate-id.tokopedia.com/api/v1/share/AJOmvDEwFH7u,10%,,Aktif,,,,Tidak,
Haji Salman Mukena Crinkle,Fashion,Campaign 1,https://affiliate-id.tokopedia.com/api/v1/share/AJrpgOVvgVZs,6%,,Aktif,,,,Tidak,
Huafit,Tech,Campaign 1,https://affiliate-id.tokopedia.com/api/v1/share/AJN5GYfTJlqe,6-11%,,Aktif,,,,Tidak,
Jisulife,Tech,Campaign 1,https://affiliate-id.tokopedia.com/api/v1/share/AJMmnWTSpBnd,6%,,Aktif,,,,Tidak,
Living Mall Store,Home & Living,Campaign 1,https://affiliate-id.tokopedia.com/api/v1/share/AKX8e8qt5y55,6%,,Aktif,,,,Tidak,
Lozy Hijab,Fashion,Campaign 1,https://affiliate-id.tokopedia.com/api/v1/share/AJU31RsQhUPx,6%,Ya,Aktif,,,,Tidak,
Luxcrime,Beauty & Health,Haluan Digital Agency x Luxcrime,https://affiliate-id.tokopedia.com/api/v1/share/AKaG0cZBYosb,6%,,Updated,,,,Tidak,8 July 2026
MAHI Bango,Food & FMCG,Campaign 1,https://affiliate-id.tokopedia.com/api/v1/share/AJHtT0bOy222,6-8%,,Aktif,,,,Tidak,
MASTAP.ID,Home & Living,Campaign 1,https://affiliate-id.tokopedia.com/api/v1/share/AKF5IGQVxJtl,6%-9%,,Aktif,,,,Tidak,
Moderno Houseware,Home & Living,Campaign 1,https://affiliate-id.tokopedia.com/api/v1/share/AJc8bhTZUnqL,6%,,Aktif,,,,Tidak,
Moell,Mom & Baby,Campaign 1,https://affiliate-id.tokopedia.com/api/v1/share/AJLdtHTT9s06,6-15%,,Aktif,,,,Tidak,
NEW Cooger,Home & Living,Campaign 1,https://affiliate-id.tokopedia.com/api/v1/share/AKhGjvUDY8Q7,6%,,Aktif,,,,Tidak,
OHSOME!,Home & Living,Campaign 1,https://affiliate-id.tokopedia.com/api/v1/share/AJOo8FkSmD55,6%-11%,,Aktif,,,,Tidak,
QME,Home & Living,Campaign 1,https://affiliate-id.tokopedia.com/api/v1/share/AJINGY6Ed26P,6%-10%,,Aktif,,,,Tidak,
SAGI,Fashion,Campaign 1,https://affiliate-id.tokopedia.com/api/v1/share/AJrwiVVHkXF4,6%,,Aktif,,,,Tidak,
SEMUT BERSIH,Home & Living,Campaign 1,https://affiliate-id.tokopedia.com/api/v1/share/AKdGtznsQr79,6%-7%,,Aktif,,,,Tidak,
The Plaze,Home & Living,Campaign 1,https://affiliate-id.tokopedia.com/api/v1/share/AKjvUCAJNrV1,6%,,Aktif,,,,Tidak,
Tirtir,Beauty & Health,Campaign 1,https://affiliate-id.tokopedia.com/api/v1/share/AKg2mWvw51qD,6%,,Aktif,,,,Tidak,
Tomitaofficial,Home & Living,Campaign 1,https://affiliate-id.tokopedia.com/api/v1/share/AJgbvNnrAKNQ,6%,,Aktif,,,,Tidak,
Unilever (Zwitsal),Beauty & Health,Campaign 1,https://affiliate-id.tokopedia.com/api/v1/share/AJj3Ez6aOJOD,6-13%,,Aktif,,,,Tidak,
Vela Market Tissue,Food & FMCG,Campaign 1,https://affiliate-id.tokopedia.com/api/v1/share/AJNqM7hdzNSg,6%,,Aktif,,,,Tidak,
Vivan,Tech,Campaign 1,https://affiliate-id.tokopedia.com/api/v1/share/AJbVSDXJCwXQ,6%,,Aktif,,,,Tidak,
WOSADO,Beauty & Health,Campaign 1,https://affiliate-id.tokopedia.com/api/v1/share/AKJtfHwNGn8u,7%,,Aktif,,,,Tidak,
WOSADO,Beauty & Health,Campaign 2,https://affiliate-id.tokopedia.com/api/v1/share/AKJtYjeYWywL,6%,,Aktif,,,,Tidak,
Biore,Beauty & Health,Campaign 1,https://affiliate-id.tokopedia.com/api/v1/share/AKfR723pmzLa,5-10%,,Aktif,,,,Tidak,
Blackmores,Beauty & Health,Campaign 1,https://affiliate-id.tokopedia.com/api/v1/share/AKfR5UgDbxKW,5%,,Aktif,,,,Tidak,
Blackmores,Beauty & Health,Campaign 2,https://affiliate-id.tokopedia.com/api/v1/share/AKmKMqVoueIR,5%,,Aktif,,,,Tidak,
Cetaphil,Beauty & Health,Campaign 1,https://affiliate-id.tokopedia.com/api/v1/share/AJRTSYntAeBI,5-24%,,Aktif,,,,Tidak,
GM Bear,Home & Living,Campaign 1,https://affiliate-id.tokopedia.com/api/v1/share/AJHFaOEQWMev,5%-7%,,Aktif,,,,Tidak,
Gudang Tas Berkualitas (Fashion Tas),Fashion,Campaign 1,https://affiliate-id.tokopedia.com/api/v1/share/AJ6TB1EWraIA,5%,,Aktif,,,,Tidak,
Instaperfect (Paragon),Beauty & Health,Campaign 1,https://affiliate-id.tokopedia.com/api/v1/share/AJRUeNe1VwBp,5-11%,Ya,Aktif,,,,Tidak,
Jacquelle,Beauty & Health,Campaign 1,https://affiliate-id.tokopedia.com/api/v1/share/AItZJ6InY3IL,5-9%,,Aktif,,,,Tidak,
Kintakun,Home & Living,Campaign 1,https://affiliate-id.tokopedia.com/api/v1/share/AKTvmvV6CrIf,5%,,Aktif,,,,Tidak,
Lulu Jeans,Fashion,Campaign 1,https://affiliate-id.tokopedia.com/api/v1/share/AJLDYj4jN3nR,5%,,Aktif,,,,Tidak,
MODISH.Indonesia,Fashion,Campaign 1,https://affiliate-id.tokopedia.com/api/v1/share/AJjmfxM0wYvC,5%,,Aktif,,,,Tidak,
Mosseru,Beauty & Health,Campaign 1,https://affiliate-id.tokopedia.com/api/v1/share/AL7bbSJWhzig,5%,,Aktif,,,,Tidak,
OKAYAMA,Home & Living,Campaign 1,https://affiliate-id.tokopedia.com/api/v1/share/AKufHobCTs29,5%,,Aktif,,,,Tidak,
Sanvanina (Jogger & Polo),Fashion,Campaign 1,https://affiliate-id.tokopedia.com/api/v1/share/AJqsRs3Xg1Mp,5%,,Aktif,,,,Tidak,
Simplus,Home & Living,Campaign 1,https://affiliate-id.tokopedia.com/api/v1/share/AJINLhVvwXnC,5%,,Aktif,,,,Tidak,
Tweelyforbag,Fashion,Campaign 1,https://affiliate-id.tokopedia.com/api/v1/share/AJ6TNJhqjN4X,5%,,Aktif,,,,Tidak,
Airbot,Tech,Campaign 1,https://affiliate-id.tokopedia.com/api/v1/share/AJMXZM4aurni,4%-8%,,Aktif,,,,Tidak,
Becoming,Beauty & Health,Campaign 1,https://affiliate-id.tokopedia.com/api/v1/share/AL1RDikOje5S,4%,,Aktif,,,,Tidak,
Dove,Beauty & Health,Campaign 1,https://affiliate-id.tokopedia.com/api/v1/share/AKR3zdAAO2QD,4-17%,,Aktif,,,,Tidak,
Makeover,Beauty & Health,Haluan Digital Agency x Beauty 3.0,https://affiliate-id.tokopedia.com/api/v1/share/AL1J4hmAhDdl,4-12%,,Updated,,,,Tidak,7 July 2026
Merries Indonesia,Mom & Baby,Campaign 1,https://affiliate-id.tokopedia.com/api/v1/share/AJQ6QspYraqk,4%,,Aktif,,,,Tidak,
Unilever (Dove),Beauty & Health,Campaign 1,https://affiliate-id.tokopedia.com/api/v1/share/AJHsYcXBZeo2,4-13%,,Aktif,,,,Tidak,
Vaseline,Beauty & Health,Campaign 1,https://affiliate-id.tokopedia.com/api/v1/share/AJI1jf7oN4K6,4-13%,,Aktif,,,,Tidak,
Wardah (Paragon),Beauty & Health,BEAUTY SKINCARE X HDA,https://affiliate-id.tokopedia.com/api/v1/share/AL1Pnervcwbs,4-11%,,Updated,,,,Tidak,7 July 2026
Gmeelan,Beauty & Health,Campaign 1,https://affiliate-id.tokopedia.com/api/v1/share/AKEdTNz5dYS6,3-10%,,Aktif,,,,Tidak,
Huawei Pad,Tech,Campaign 1,https://affiliate-id.tokopedia.com/api/v1/share/AKfMFR69X6dl,3%,,Aktif,,,,Tidak,
Huawei Wearable,Tech,Campaign 1,https://affiliate-id.tokopedia.com/api/v1/share/AKfMGWCALxg4,3-4%,,Updated,,,,Tidak,
INTHEBOX,Home & Living,Campaign 1,https://affiliate-id.tokopedia.com/api/v1/share/AL8TlFNJ5qKL,3%,,Aktif,,,,Tidak,
Pose,Fashion,Campaign 1,https://affiliate-id.tokopedia.com/api/v1/share/AJzxcFDLLyEo,3%,,Aktif,,,,Tidak,
Pose,Fashion,Campaign 2,https://affiliate-id.tokopedia.com/api/v1/share/AJzxcFDLLyEo,3%,,Aktif,,,,Tidak,
Unilever (Lifebouy),Beauty & Health,Campaign 1,https://affiliate-id.tokopedia.com/api/v1/share/AJpQLj9hqGJI,3-12%,,Aktif,,,,Tidak,
Unilever (LUX),Beauty & Health,Campaign 1,https://affiliate-id.tokopedia.com/api/v1/share/AJrv3YSIqCef,3-13%,,Aktif,,,,Tidak,
Advan,Tech,Campaign 1,https://affiliate-id.tokopedia.com/api/v1/share/AJU8Lhof3B8g,2-12%,,Not Updated,,,,Tidak,
Changqong,Home & Living,Campaign 1,https://affiliate-id.tokopedia.com/api/v1/share/AJhDwmaXaSg7,2%,,Aktif,,,,Tidak,
Diamond & Co,Fashion,Campaign 1,https://affiliate-id.tokopedia.com/api/v1/share/AK3wXS9sArTk,2%,,Aktif,,,,Tidak,
Infinix,Tech,Campaign 1,https://affiliate-id.tokopedia.com/api/v1/share/AJR5P0KrYY8C,2%,,Aktif,,,,Tidak,
ITEL,Tech,Campaign 1,https://affiliate-id.tokopedia.com/api/v1/share/AKfN3a91tXsk,2%,,Aktif,,,,Tidak,
Mamypoko Unicharm,Food & FMCG,Campaign 1,https://affiliate-id.tokopedia.com/api/v1/share/AJGP6Zj8YSAT,2-6%,,Aktif,,,,Tidak,
Motorola,Tech,Campaign 1,https://affiliate-id.tokopedia.com/api/v1/share/AJR5nuJCCTO7,2%,,Aktif,,,,Tidak,
Oppo,Tech,Campaign 1,https://affiliate-id.tokopedia.com/api/v1/share/AJLhVO70AB4G,2%,,Aktif,,,,Tidak,
TECNO,Tech,Campaign 1,https://affiliate-id.tokopedia.com/api/v1/share/AJSzqdSBirri,2%-4%,,Not Updated,,,,Tidak,
Unicharm Official,Food & FMCG,Campaign 1,https://affiliate-id.tokopedia.com/api/v1/share/AJMOJh3Yebxc,2-5%,,Aktif,,,,Tidak,
Agres ID Bogor,Tech,Campaign 1,https://affiliate-id.tokopedia.com/api/v1/share/AJILDRmiNE5I,1%,,Aktif,,,,Tidak,
Bintangempat,Tech,Campaign 1,https://affiliate-id.tokopedia.com/api/v1/share/AJGDVOPSeypA,1%,,Aktif,,,,Tidak,
F&B NDSTOREMDN,Food & FMCG,Campaign 1,https://affiliate-id.tokopedia.com/api/v1/share/AJGFBKq4TaT9,1-2%,,Aktif,,,,Tidak,
FMCG NDSTOREMDN,Food & FMCG,Campaign 1,https://affiliate-id.tokopedia.com/api/v1/share/AJGLNjgPTZV5,1-3%,,Aktif,,,,Tidak,
KedaiMart,Food & FMCG,Campaign 1,https://affiliate-id.tokopedia.com/api/v1/share/AJGgbj1kqGwB,1%,,Aktif,,,,Tidak,
Nazura Mart & Sakura Store,Food & FMCG,Campaign 1,https://affiliate-id.tokopedia.com/api/v1/share/AJPOPLs5CY46,1%,,Aktif,,,,Tidak,
Vivo,Tech,Campaign 1,https://affiliate-id.tokopedia.com/api/v1/share/AJfo5vJoRCCq,1%,,Updated,,,,Tidak,
Xiaomi,Tech,Campaign 1,https://affiliate-id.tokopedia.com/api/v1/share/AKTuR8FaxMVh,1-5%,,Updated,,,,Tidak,
Dorskin,Beauty & Health,Campaign 1,https://affiliate-id.tokopedia.com/api/v1/share/AJlOUVKsQdl8,raecca,,Aktif,,,,Tidak,
gladtoglow,Beauty & Health,Campaign 1,https://affiliate-id.tokopedia.com/api/v1/share/AJ0oaMqtR3dL,,,Aktif,,,,Tidak,
Kahf(Paragon),Beauty & Health,Campaign 1,https://affiliate-id.tokopedia.com/api/v1/share/AJoX8Xb4syOZ (1.0),Beauty,,Aktif,,,,Tidak,
Kahf(Paragon),Beauty & Health,Campaign 2,https://affiliate-id.tokopedia.com/api/v1/share/AJoXQwiiWHgb (2.0),Beauty,,Aktif,,,,Tidak,
SEPATUCANI/CANIKOREA,Fashion,Campaign 1,https://affiliate-id.tokopedia.com/api/v1/share/AJPPP6NpCIly,,Ya,Aktif,,,,Tidak,
sunsilk,Beauty & Health,Campaign 1,https://affiliate-id.tokopedia.com/api/v1/share/AKWMOUBOPyGs,10-1%,,Aktif,,,,Tidak,
